Name,Yrs,From,To,ASG,G,PA,AB,R,H,2B,3B,HR,RBI,SB,CS,BB,SO,BA,OBP,SLG,OPS,WAR,Birthdate,Debut,Birthplace,Pos
Bobby Abreu,18,1996,2014,2,2425,10081,8480,1453,2470,574,59,288,1363,400,128,1476,1840,.291,.395,.475,.870,60.17,"Mar 11, 1974","Sep 1, 1996","Maracay, Aragua",*9DH7/8
Wilyer Abreu,2,2023,2024,0,81,274,245,36,70,20,2,8,36,10,2,28,72,.286,.358,.482,.839,2.65,"Jun 24, 1999","Aug 22, 2023","Maracaibo, Zulia",9/7H8D
Ronald Acuña Jr.,7,2018,2024,4,722,3254,2818,581,815,145,12,165,417,196,49,368,719,.289,.379,.525,.904,25.82,"Dec 18, 1997","Apr 25, 2018","La Guaira, La Guaira",*987D/H
Ehire Adrianza,12,2013,2024,0,624,1578,1394,187,330,76,9,22,151,19,8,129,312,.237,.307,.352,.658,0.76,"Aug 21, 1989","Sep 8, 2013","Guarenas, Miranda",H65473/9D18
Jesús Aguilar,10,2014,2023,1,795,2658,2348,288,594,107,2,114,402,1,1,235,622,.253,.322,.446,.768,3.50,"Jun 30, 1990","May 15, 2014","Maracay, Aragua",*3HD/5
Edgardo Alfonzo,12,1995,2006,1,1506,6108,5385,777,1532,282,18,146,744,53,17,596,617,.284,.357,.425,.782,28.74,"Nov 8, 1973","Apr 26, 1995","Santa Teresa del Tuy, Miranda",*5*4H6/D3
Eliézer Alfonzo,6,2006,2011,0,193,624,591,44,142,24,3,17,67,1,2,17,158,.240,.271,.377,.648,-0.02,"Feb 7, 1979","Jun 3, 2006","Puerto La Cruz, Anzoategui",2H
Jose Altuve,14,2011,2024,8,1730,7635,6919,1097,2120,412,31,218,768,301,86,571,961,.306,.363,.469,.833,50.97,"May 6, 1990","Jul 20, 2011","Puerto Cabello, Carabobo",*4D/H6
José Alvarado,8,2017,2024,0,70,1,1,0,0,0,0,0,0,0,0,0,1,.000,.000,.000,.000,4.29,"May 21, 1995","May 3, 2017","Maracaibo, Zulia",*1/3
Clemente Álvarez,1,2000,2000,0,2,5,5,1,1,0,0,0,0,0,0,0,1,.200,.200,.200,.400,-0.06,"May 18, 1968","Sep 19, 2000","Guanta, Anzoategui",/2H
Francisco Alvarez,3,2022,2024,0,144,496,449,62,95,17,0,27,72,3,0,40,128,.212,.284,.430,.714,1.23,"Nov 19, 2001","Sep 30, 2022","Guatire, Miranda",2/HD
Henderson Alvarez III,6,2011,2017,1,54,115,100,5,22,4,0,1,9,0,0,1,36,.220,.223,.290,.513,8.50,"Apr 18, 1990","Aug 10, 2011","Valencia, Carabobo",1
José Álvarez,10,2013,2022,0,143,8,4,1,0,0,0,0,0,0,0,3,2,.000,.429,.000,.429,4.64,"May 6, 1989","Jun 9, 2013","Barcelona, Anzoategui",*1
Tony Alvarez,2,2002,2004,0,38,75,64,11,16,4,0,2,10,1,0,7,12,.250,.324,.406,.731,-0.14,"May 10, 1979","Sep 4, 2002","Caracas, Distrito Federal",/H897
Wilson Álvarez,14,1989,2005,1,96,104,95,6,13,0,0,0,1,0,0,4,33,.137,.172,.137,.309,24.81,"Mar 24, 1970","Jul 24, 1989","Maracaibo, Zulia",*1
Adbert Alzolay,6,2019,2024,0,32,38,36,1,2,1,0,0,0,0,0,1,15,.056,.081,.083,.164,2.46,"Mar 1, 1995","Jun 20, 2019","San Felix, Bolivar",1/H
Alexi Amarista,7,2011,2017,0,702,1901,1750,171,404,67,16,21,169,39,10,109,295,.231,.275,.323,.599,-0.62,"Apr 6, 1989","Apr 26, 2011","Barcelona, Anzoategui",6H4875/91D
Elvis Andrus,15,2009,2023,2,2059,8603,7772,1058,2091,380,51,102,775,347,115,611,1206,.269,.325,.370,.695,34.16,"Aug 26, 1988","Apr 6, 2009","Maracay, Aragua",*64H/D5
Luis Aparicio HOF,18,1956,1973,13,2599,11231,10230,1335,2677,394,92,83,791,506,136,736,742,.262,.311,.343,.653,55.85,"Apr 29, 1934","Apr 17, 1956","Maracaibo, Zulia",*6H
Luis Aponte,5,1980,1984,0,0,0,0,0,0,0,0,0,0,0,0,0,0,,,,,4.36,"Jun 14, 1953","Sep 4, 1980","El Tigre, Anzoategui",1
Elvis Araújo,2,2015,2016,0,67,1,1,0,0,0,0,0,0,0,0,0,1,.000,.000,.000,.000,-0.46,"Jul 15, 1991","May 5, 2015","Maracaibo, Zulia",1
Francisco Arcia,1,2018,2018,0,40,106,103,10,21,5,0,6,23,1,0,1,27,.204,.226,.427,.654,-0.01,"Sep 14, 1989","Jul 26, 2018","Maiquetia, La Guaira",2/H13D
Orlando Arcia,9,2016,2024,1,839,2950,2716,304,667,120,7,76,309,41,16,197,592,.246,.297,.379,.676,5.27,"Aug 4, 1994","Aug 2, 2016","Anaco, Anzoategui",*64H/75D18
Oswaldo Arcia,4,2013,2016,0,288,1075,983,103,231,40,6,44,131,3,5,76,339,.235,.298,.422,.720,-1.66,"May 9, 1991","Apr 15, 2013","Anaco, Anzoategui",97/HD
Gabriel Arias,3,2022,2024,0,176,524,477,56,99,23,2,12,41,8,4,41,167,.208,.273,.340,.613,-0.46,"Feb 27, 2000","Apr 20, 2022","La Victoria, Aragua",635/H948D7
Marcos Armas,1,1993,1993,0,15,33,31,7,6,2,0,1,1,1,0,1,12,.194,.242,.355,.597,0.14,"Aug 5, 1969","May 25, 1993","Puerto Piritu, Anzoategui",/3HD9
Tony Armas,14,1976,1989,2,1432,5502,5164,614,1302,204,39,251,815,18,20,260,1201,.252,.287,.453,.740,15.84,"Jul 2, 1953","Sep 6, 1976","Puerto Piritu, Anzoategui",*9*87DH/36
Tony Armas,10,1999,2008,0,172,299,268,6,26,2,1,0,10,0,0,4,99,.097,.110,.112,.222,6.85,"Apr 29, 1978","Aug 16, 1999","Puerto Piritu, Anzoategui",1
Luis Arráez,6,2019,2024,2,597,2459,2242,325,733,120,12,25,218,14,11,183,181,.327,.379,.425,.804,16.45,"Apr 9, 1997","May 18, 2019","San Felipe, Yaracuy",*435D7H/6
Humberto Arteaga,2,2019,2021,0,42,139,125,11,24,4,0,0,5,1,1,8,28,.192,.250,.224,.474,-0.78,"Jan 23, 1994","Jun 20, 2019","Caracas, Distrito Federal",6/4H51
Carlos Ascanio,1,1946,1946,0,18,70,62,3,10,0,0,0,6,1,,6,,.161,.235,.161,.397,-0.58,"Apr 4, 1918",Unknown,"Santa Lucia, Miranda",/3
José Ascanio,4,2007,2011,0,40,2,2,0,0,0,0,0,0,0,0,0,1,.000,.000,.000,.000,-0.22,"May 2, 1985","Jul 13, 2007","Maracay, Aragua",1
Willians Astudillo,5,2018,2022,0,188,588,561,63,150,22,1,16,70,1,0,11,28,.267,.291,.396,.687,-0.63,"Oct 14, 1991","Jun 30, 2018","Barcelona, Anzoategui",523/H419D78
Carlos Asuaje,3,2016,2018,0,175,586,520,45,125,24,2,6,42,1,2,53,126,.240,.312,.329,.641,0.34,"Nov 2, 1991","Sep 21, 2016","Barquisimeto, Lara",4H/53
Pedro Avila,5,2019,2024,0,3,3,2,0,0,0,0,0,0,0,0,0,1,.000,.000,.000,.000,0.46,"Jan 14, 1997","Apr 11, 2019","Caracas, Distrito Federal",1
Luis Avilán,10,2012,2021,0,371,9,7,0,1,0,0,0,0,0,0,0,2,.143,.143,.143,.286,4.46,"Jul 19, 1989","Jul 14, 2012","Caracas, Distrito Federal",*1
José Azocar,3,2022,2024,0,202,389,358,50,88,17,3,2,21,16,9,21,85,.246,.291,.327,.617,0.27,"May 11, 1996","Apr 7, 2022","Guiria, Sucre",978H/D
Oscar Azócar,3,1990,1992,0,202,460,439,38,99,16,0,5,36,10,0,12,36,.226,.248,.296,.544,-0.24,"Feb 21, 1965","Jul 17, 1990","Soro, Sucre",H7/93D
Josh Barfield,4,2006,2009,0,309,1075,1012,133,267,53,6,16,112,35,11,44,188,.264,.295,.375,.671,2.57,"Dec 17, 1982","Apr 3, 2006","Barquisimeto, Lara",4H/D7
Franklin Barreto,4,2017,2020,0,101,237,228,31,40,7,2,9,29,4,0,7,100,.175,.207,.342,.549,-0.96,"Feb 27, 1996","Jun 24, 2017","Caracas, Distrito Federal",4H/6D57
Jorge Barrosa,1,2024,2024,0,3,10,10,1,2,1,0,0,1,0,0,0,1,.200,.200,.300,.500,-0.04,"Feb 17, 2001","Apr 1, 2024","Puerto Cabello, Carabobo",/8H
Luis Alexander Basabe,1,2020,2020,0,9,18,14,5,2,0,0,0,1,2,0,4,5,.143,.333,.143,.476,0.09,"Aug 26, 1996","Aug 27, 2020","El Vigia, Merida",/97H
Osleivis Basabe,1,2023,2023,0,31,94,87,15,19,5,0,1,12,0,1,6,25,.218,.277,.310,.587,0.36,"Sep 13, 2000","Aug 13, 2023","Bobures, Zulia",/65H497
Eduard Bazardo,4,2021,2024,0,0,0,0,0,0,0,0,0,0,0,0,0,0,,,,,0.53,"Sep 1, 1995","Apr 14, 2021","Maracay, Aragua",1
Yorman Bazardo,4,2005,2009,0,12,11,11,0,0,0,0,0,0,0,0,0,4,.000,.000,.000,.000,-1.16,"Jul 11, 1984","May 26, 2005","Maracay, Aragua",/1
Ronald Belisario,6,2009,2015,0,266,6,6,0,0,0,0,0,0,0,0,0,3,.000,.000,.000,.000,0.79,"Dec 31, 1982","Apr 7, 2009","Maracay, Aragua",*1
Edwin Bellorin,3,2007,2009,0,8,14,13,1,3,0,0,0,0,0,0,1,1,.231,.286,.231,.516,-0.17,"Feb 21, 1982","Aug 7, 2007","San Felix, Bolivar",/2H
William Bergolla,1,2005,2005,0,17,38,38,3,5,0,0,0,1,0,0,0,10,.132,.132,.132,.263,-0.44,"Feb 4, 1983","May 9, 2005","Naguanagua, Carabobo",/4H6
Rafael Betancourt,12,2003,2015,0,315,1,1,0,0,0,0,0,0,0,0,0,1,.000,.000,.000,.000,14.10,"Apr 29, 1975","Jul 13, 2003","Cumana, Sucre",*1
Andrés Blanco,10,2004,2017,0,536,1321,1191,137,305,73,9,18,109,5,13,79,202,.256,.310,.378,.688,1.57,"Apr 11, 1984","Apr 17, 2004","Urama, Carabobo",4H653/D719
Damaso Blanco,3,1972,1974,0,72,39,33,9,7,1,0,0,2,3,1,5,6,.212,.308,.242,.550,-0.05,"Dec 11, 1941","May 26, 1972","Curiepe, Miranda",H/564
Grégor Blanco,10,2008,2018,0,1060,3349,2929,394,746,118,39,26,235,122,40,363,661,.255,.338,.348,.687,7.40,"Dec 24, 1983","Mar 30, 2008","Caracas, Distrito Federal",*8*7H9/D
Henry Blanco,16,1997,2013,0,971,3087,2761,274,615,145,11,72,298,6,11,254,546,.223,.288,.361,.649,-0.06,"Aug 29, 1971","Jul 25, 1997","Caracas, Distrito Federal",*2H/357
Ossie Blanco,2,1970,1974,0,52,114,102,5,20,0,0,0,10,0,4,10,18,.196,.263,.196,.459,-1.01,"Sep 8, 1945","May 26, 1970","Caracas, Distrito Federal",3/HD7
J.C. Boscán,4,2010,2013,0,17,30,28,2,7,1,0,0,2,0,0,1,8,.250,.300,.286,.586,0.02,"Dec 26, 1979","Oct 1, 2010","Maracaibo, Zulia",/2H
Wilfredo Boscán,1,2016,2016,0,5,3,3,0,1,0,0,0,1,0,0,0,1,.333,.333,.333,.667,-0.12,"Oct 26, 1989","May 19, 2016","Maracaibo, Zulia",/1
Silvino Bracho,7,2015,2023,0,85,1,1,0,0,0,0,0,0,0,0,0,1,.000,.000,.000,.000,0.14,"Jul 17, 1992","Aug 30, 2015","Maracaibo, Zulia",1
Ángel Bravo,3,1969,1971,0,149,246,218,26,54,7,3,1,12,2,2,20,31,.248,.315,.321,.636,-0.03,"Aug 4, 1942","Jun 6, 1969","Maracaibo, Zulia",H8/79
José Briceño,2,2018,2020,0,48,134,122,12,29,2,0,5,10,0,1,9,36,.238,.301,.377,.678,0.56,"Sep 19, 1992","May 26, 2018","Caracas, Distrito Federal",2/H3
José Buttó,3,2022,2024,0,0,0,0,0,0,0,0,0,0,0,0,0,0,,,,,1.44,"Mar 19, 1998","Aug 21, 2022","Cumana, Sucre",/1
Alex Cabrera,1,2000,2000,0,31,87,80,10,21,2,1,5,14,0,0,4,21,.263,.299,.500,.799,0.39,"Dec 24, 1971","Jun 26, 2000","Caripito, Monagas",/39H7
Asdrúbal Cabrera,15,2007,2021,2,1822,7401,6632,886,1763,401,28,195,869,91,32,589,1330,.266,.329,.423,.752,29.65,"Nov 13, 1985","Aug 8, 2007","Puerto La Cruz, Anzoategui",*6*45H3D/1
Miguel Cabrera,21,2003,2023,12,2797,11796,10356,1551,3174,627,17,511,1881,40,21,1258,2105,.306,.382,.518,.901,67.14,"Apr 18, 1983","Jun 20, 2003","Maracay, Aragua",*3*5*D79/H
Oswaldo Cabrera,3,2022,2024,0,206,670,609,75,138,24,1,15,69,13,3,50,146,.227,.285,.343,.628,0.87,"Mar 1, 1999","Aug 17, 2022","Guarenas, Miranda",957/H643D8
Ramón Cabrera,2,2015,2016,0,74,215,201,15,53,11,0,4,26,1,1,8,35,.264,.291,.378,.669,0.54,"Nov 5, 1989","Sep 5, 2015","Caracas, Distrito Federal",2/H
Edgar Cáceres,1,1995,1995,0,55,130,117,13,28,6,2,1,17,2,2,8,15,.239,.291,.350,.642,0.18,"Jun 6, 1964","Jun 8, 1995","Barquisimeto, Lara",4/H635D
Miguel Cairo,17,1996,2012,0,1490,4392,3956,504,1044,193,34,41,394,139,40,243,482,.264,.314,.361,.675,7.64,"May 4, 1974","Apr 17, 1996","Anaco, Anzoategui",*4*H5376/D9
Alberto Callaspo,10,2006,2015,0,1093,3956,3556,391,941,170,14,52,369,22,14,350,365,.265,.329,.364,.693,9.62,"Apr 19, 1983","Aug 6, 2006","Maracay, Aragua",*54HD6/379
Leonel Campos,4,2014,2017,0,23,0,0,0,0,0,0,0,0,0,0,0,0,,,,,-0.17,"Jul 17, 1987","Sep 3, 2014","Valera, Trujillo",1
Vicente Campos,1,2016,2016,0,1,2,2,0,0,0,0,0,0,0,0,0,0,.000,.000,.000,.000,0.07,"Jul 27, 1992","Aug 27, 2016","La Guaira, La Guaira",/1
Willie Cañate,1,1993,1993,0,38,57,47,12,10,0,0,1,3,1,1,6,15,.213,.309,.277,.586,0.06,"Dec 11, 1971","Apr 16, 1993","Bobures, Zulia",/7H98D
Giovanni Carrara,10,1995,2006,0,257,36,31,2,3,0,0,0,0,0,0,1,11,.097,.125,.097,.222,1.72,"Mar 4, 1968","Jul 29, 1995","El Tigre, Anzoategui",*1
Carlos Carrasco,15,2009,2024,0,22,40,31,1,2,0,0,0,1,0,0,1,18,.065,.094,.065,.158,19.79,"Mar 21, 1987","Sep 1, 2009","Barquisimeto, Lara",*1
Alex Carrasquel,8,1939,1949,0,258,274,229,15,33,5,0,1,12,0,1,27,75,.144,.240,.179,.419,6.08,"Jul 24, 1912","Apr 23, 1939","Caracas, Distrito Federal",1
Chico Carrasquel,10,1950,1959,4,1325,5264,4644,568,1199,172,25,55,474,31,28,491,467,.258,.333,.342,.674,21.38,"Jan 23, 1926","Apr 18, 1950","Caracas, Distrito Federal",*65H/43
Amalio Carreño,1,1991,1991,0,3,1,1,0,0,0,0,0,0,0,0,0,1,.000,.000,.000,.000,-0.34,"Apr 11, 1964","Jul 7, 1991","Chacachacare, Nueva Esparta",/1
Ezequiel Carrera,7,2011,2017,0,508,1305,1164,174,305,45,9,19,97,44,13,96,279,.262,.324,.365,.690,0.65,"Jun 11, 1987","May 20, 2011","Guiria, Sucre",798H/D
Marcos Carvajal,2,2005,2007,0,40,4,4,0,1,0,0,0,2,0,0,0,3,.250,.250,.250,.500,0.22,"Aug 19, 1984","Apr 6, 2005","Ciudad Bolivar, Bolivar",1
Pedro Castellano,3,1993,1996,0,51,107,93,13,15,2,0,3,9,1,1,13,25,.161,.271,.280,.551,-1.21,"Mar 11, 1970","May 30, 1993","Barquisimeto, Lara",/5H3467
Diego Castillo,2,2022,2023,0,97,284,263,28,54,13,0,11,29,1,1,14,75,.205,.250,.380,.630,-0.74,"Oct 28, 1997","Apr 7, 2022","Barquisimeto, Lara",6/49H35D1
Erick Castillo,1,2021,2021,0,4,9,8,0,2,0,0,0,0,0,0,1,1,.250,.333,.250,.583,0.14,"Feb 25, 1993","Sep 30, 2021","Araure, Portuguesa",/2H
José Castillo,4,2018,2023,0,35,1,1,0,0,0,0,0,1,0,0,0,0,.000,.000,.000,.000,0.45,"Jan 10, 1996","Jun 2, 2018","Valencia, Carabobo",1
José Castillo,5,2004,2008,0,592,2059,1918,211,487,103,10,39,218,13,11,111,378,.254,.296,.379,.675,-2.85,"Mar 19, 1981","Apr 7, 2004","Las Mercedes, Guarico",*45H/69
Juan Castillo,1,1994,1994,0,2,5,5,0,1,0,0,0,1,0,0,0,1,.200,.200,.200,.400,-0.17,"Jun 23, 1970","Jul 26, 1994","Caracas, Distrito Federal",/1
Max Castillo,2,2022,2023,0,0,0,0,0,0,0,0,0,0,0,0,0,0,,,,,-0.37,"May 4, 1999","Jun 19, 2022","Caracas, Distrito Federal",/1
Tony Castillo,10,1988,1998,0,88,18,13,1,1,0,0,0,0,0,0,1,6,.077,.143,.077,.220,6.33,"Mar 1, 1963","Aug 14, 1988","Quibor, Lara",*1
Anthony Castro,3,2020,2022,0,0,0,0,0,0,0,0,0,0,0,0,0,0,,,,,-0.69,"Apr 13, 1995","Jul 27, 2020","Caracas, Distrito Federal",1
Harold Castro,6,2018,2023,0,450,1485,1406,134,391,61,7,16,156,7,4,54,316,.278,.303,.366,.669,-2.32,"Nov 30, 1993","Sep 23, 2018","Caracas, Distrito Federal",463H58/7D91
Kervin Castro,2,2021,2022,0,10,0,0,0,0,0,0,0,0,0,0,0,0,,,,,0.37,"Feb 7, 1999","Sep 7, 2021","Maracay, Aragua",/1
Ramón Castro,1,2004,2004,0,9,16,15,2,2,1,0,0,3,0,0,1,3,.133,.188,.200,.388,-0.16,"Oct 23, 1979","Jun 21, 2004","Valencia, Carabobo",/5HD6
Roger Cedeño,11,1995,2005,0,1100,3557,3174,478,865,127,32,40,274,213,63,319,613,.273,.340,.371,.710,1.68,"Aug 16, 1974","Jun 20, 1995","Valencia, Carabobo",*978H/D4
Ronny Cedeño,10,2005,2014,0,875,2792,2565,265,629,116,20,40,239,39,25,146,567,.245,.289,.353,.641,-1.57,"Feb 2, 1983","Apr 23, 2005","Puerto Cabello, Carabobo",*6H4/57D38
Francisco Cervelli,13,2008,2020,0,730,2618,2256,281,605,102,16,41,275,17,13,270,505,.268,.358,.382,.740,13.87,"Mar 6, 1986","Sep 18, 2008","Valencia, Carabobo",*2H/3D54
Alejandro Chacín,1,2017,2017,0,6,0,0,0,0,0,0,0,0,0,0,0,0,,,,,-0.19,"Jun 24, 1993","Aug 23, 2017","Maracay, Aragua",/1
Gustavo Chacín,5,2004,2010,0,43,9,8,2,1,0,0,1,1,0,0,0,2,.125,.125,.500,.625,4.08,"Dec 4, 1980","Sep 20, 2004","Maracaibo, Zulia",1
Jhoulys Chacín,14,2009,2022,0,260,406,361,16,65,8,0,2,22,1,0,11,88,.180,.205,.219,.424,19.10,"Jan 7, 1988","Jul 25, 2009","Maracaibo, Zulia",*1/H
Elio Chacón,3,1960,1962,0,228,742,616,89,143,15,5,4,39,20,12,111,109,.232,.351,.292,.644,1.27,"Oct 26, 1936","Apr 20, 1960","Caracas, Distrito Federal",64H/975
Endy Chávez,13,2001,2014,0,1151,3436,3149,385,849,140,34,30,266,106,42,180,356,.270,.308,.364,.672,5.02,"Feb 7, 1978","May 29, 2001","Valencia, Carabobo",*879H/D
Néstor Chávez,1,1967,1967,0,2,1,1,0,0,0,0,0,0,0,0,0,0,.000,.000,.000,.000,0.03,"Jul 6, 1947","Sep 9, 1967","Chacao, Miranda",/1
Raúl Chávez,11,1996,2009,0,263,725,680,48,157,27,1,7,65,4,2,31,115,.231,.266,.304,.570,0.00,"Mar 17, 1973","Aug 30, 1996","Valencia, Carabobo",2/H
Robinson Chirinos,11,2011,2022,0,714,2457,2124,275,480,114,5,95,306,5,4,231,664,.226,.319,.419,.738,12.79,"Jun 5, 1984","Jul 18, 2011","Punto Fijo, Falcon",*2H/D354
Yonny Chirinos,5,2018,2023,0,2,3,3,0,0,0,0,0,0,0,0,0,3,.000,.000,.000,.000,3.52,"Dec 26, 1993","Apr 1, 2018","Bachaquero, Zulia",1
Jackson Chourio,1,2024,2024,0,53,183,171,21,36,4,0,6,19,7,1,10,50,.211,.253,.339,.592,0.07,"Mar 11, 2004","Mar 29, 2024","Maracaibo, Zulia",9/7H
Alvin Colina,1,2006,2006,0,2,5,5,0,1,0,0,0,1,0,0,0,1,.200,.200,.200,.400,-0.05,"Dec 26, 1981","Sep 18, 2006","Puerto Cabello, Carabobo",/2H
Edwar Colina,1,2020,2020,0,0,0,0,0,0,0,0,0,0,0,0,0,0,,,,,-0.15,"May 3, 1997","Sep 25, 2020","Caracas, Distrito Federal",/1
Cris Colón,1,1992,1992,0,14,38,36,5,6,0,0,0,1,0,0,1,8,.167,.189,.167,.356,-0.19,"Jan 3, 1969","Sep 18, 1992","La Guaira, La Guaira",/6H
Dave Concepción,19,1970,1988,9,2488,9641,8723,993,2326,389,48,101,950,321,109,736,1186,.267,.322,.357,.679,40.14,"Jun 17, 1948","Apr 6, 1970","Ocumare de la Costa, Aragua",*6H453/81
William Contreras,5,2020,2024,1,356,1462,1296,204,366,73,4,53,191,12,1,148,343,.282,.359,.468,.826,9.10,"Dec 24, 1997","Jul 24, 2020","Puerto Cabello, Carabobo",2D/H7
Willson Contreras,9,2016,2024,3,890,3482,3016,428,779,171,10,143,444,30,20,348,832,.258,.352,.464,.816,25.82,"May 13, 1992","Jun 17, 2016","Puerto Cabello, Carabobo",*2DH7/395
Darwin Cubillán,3,2000,2004,0,28,1,1,0,0,0,0,0,0,0,0,0,0,.000,.000,.000,.000,-0.52,"Nov 15, 1972","May 20, 2000","Bobures, Zulia",1
William Cuevas,3,2016,2018,0,2,0,0,0,0,0,0,0,0,0,0,0,0,,,,,-0.41,"Oct 14, 1990","Apr 21, 2016","Caracas, Distrito Federal",/1
Omar Daal,11,1993,2003,0,357,315,270,23,53,8,0,2,21,0,0,14,61,.196,.236,.248,.484,8.65,"Mar 1, 1972","Apr 23, 1993","Maracaibo, Zulia",*1
Pompeyo Davalillo,1,1953,1953,0,19,64,58,10,17,1,0,0,2,1,0,1,7,.293,.305,.310,.615,0.15,"Jun 30, 1928","Aug 1, 1953","Cabimas, Zulia",/6H
Vic Davalillo,16,1963,1980,1,1458,4296,4017,510,1122,160,37,36,329,125,58,212,422,.279,.315,.364,.680,15.71,"Jul 30, 1939","Apr 9, 1963","Cabimas, Zulia",*8*H973/D1
Yonathan Daza,4,2019,2023,0,288,924,844,97,237,40,5,4,74,4,4,57,152,.281,.329,.354,.683,0.34,"Feb 28, 1994","Apr 9, 2019","Maracay, Aragua",8H7/9
Enmanuel De Jesus,1,2023,2023,0,0,0,0,0,0,0,0,0,0,0,0,0,0,,,,,-0.18,"Dec 10, 1996","Sep 9, 2023","Valencia, Carabobo",/1
Alex Delgado,1,1996,1996,0,26,24,20,5,5,0,0,0,1,0,0,3,3,.250,.348,.250,.598,-0.09,"Jan 11, 1971","Apr 4, 1996","Palmarejo, Zulia",/2H57934
Jesús Delgado,1,2008,2008,0,2,0,0,0,0,0,0,0,0,0,0,0,0,,,,,0.01,"Apr 19, 1984","Sep 17, 2008","Maracay, Aragua",/1
Argenis Díaz,1,2010,2010,0,22,36,33,0,8,1,0,0,2,0,1,3,10,.242,.306,.273,.578,-0.42,"Feb 12, 1987","Apr 21, 2010","Guatire, Miranda",/6H
Bo Díaz,13,1977,1989,2,993,3538,3274,327,834,162,5,87,452,9,17,198,429,.255,.297,.387,.684,11.49,"Mar 23, 1953","Sep 6, 1977","Cua, Miranda",*2H/D
Eddy Díaz,1,1997,1997,0,16,51,50,4,11,2,1,0,7,0,0,1,5,.220,.235,.300,.535,-0.38,"Sep 29, 1971","Apr 17, 1997","Barquisimeto, Lara",/4H56
Elias Díaz,10,2015,2024,1,679,2368,2178,235,553,115,4,61,285,2,2,160,445,.254,.306,.394,.701,5.85,"Nov 17, 1990","Sep 12, 2015","Maracaibo, Zulia",*2H/D
Jairo Díaz,5,2014,2020,0,77,0,0,0,0,0,0,0,0,0,0,0,0,,,,,0.25,"May 27, 1991","Sep 8, 2014","Puerto La Cruz, Anzoategui",1
Jhonathan Díaz,3,2021,2023,0,0,0,0,0,0,0,0,0,0,0,0,0,0,,,,,0.20,"Sep 13, 1996","Sep 17, 2021","Valencia, Carabobo",/1
Melvin Dorta,1,2006,2006,0,15,20,19,3,4,1,0,0,0,0,2,1,2,.211,.250,.263,.513,-0.13,"Jan 15, 1982","Jul 21, 2006","Valencia, Carabobo",/H56
Félix Doubront,6,2010,2015,0,6,14,11,0,1,0,0,0,0,0,0,1,6,.091,.167,.091,.258,-1.17,"Oct 23, 1987","Jun 18, 2010","Puerto Cabello, Carabobo",1
Edgmer Escalona,4,2010,2013,0,76,11,9,0,0,0,0,0,0,0,0,0,6,.000,.000,.000,.000,0.43,"Oct 6, 1986","Sep 10, 2010","La Guaira, La Guaira",1
Félix Escalona,4,2002,2005,0,84,226,206,20,43,11,2,0,13,8,2,6,56,.209,.261,.282,.543,-0.05,"Mar 12, 1979","Apr 4, 2002","Puerto Cabello, Carabobo",6/45H3D
Sergio Escalona,2,2009,2011,0,59,0,0,0,0,0,0,0,0,0,0,0,0,,,,,0.50,"Aug 3, 1984","May 17, 2009","El Tocuyo, Lara",1
Alcides Escobar,13,2008,2022,1,1552,6182,5750,670,1486,249,58,45,478,178,45,253,864,.258,.295,.345,.640,9.99,"Dec 16, 1986","Sep 3, 2008","La Sabana, La Guaira",*6/54H8719
Alex Escobar,4,2001,2006,0,125,439,388,53,100,14,4,13,52,5,1,41,112,.258,.328,.415,.743,1.46,"Sep 6, 1978","May 8, 2001","Valencia, Carabobo",89/H7D
Ángel Escobar,1,1988,1988,0,3,3,3,1,1,0,0,0,0,0,0,0,0,.333,.333,.333,.667,0.00,"May 12, 1965","May 17, 1988","La Sabana, La Guaira",/H56
Eduardo Escobar,13,2011,2023,1,1363,5121,4691,593,1185,247,46,164,636,23,18,351,1043,.253,.305,.430,.735,12.04,"Jan 5, 1989","Sep 2, 2011","La Pica, Maracay",*5*64HD7/31289
Edwin Escobar,2,2014,2016,0,24,2,2,0,0,0,0,0,0,0,0,0,1,.000,.000,.000,.000,-0.70,"Apr 22, 1992","Aug 27, 2014","La Boyera, Miranda",/1
José Escobar,1,1991,1991,0,10,17,15,0,3,0,0,0,1,0,0,1,4,.200,.250,.200,.450,-0.01,"Oct 30, 1960","Apr 13, 1991","La Sabana, La Guaira",/645
Kelvim Escobar,12,1997,2009,0,21,29,27,1,3,0,0,0,1,0,0,0,13,.111,.111,.111,.222,24.41,"Apr 11, 1976","Jun 29, 1997","La Guaira, La Guaira",*1
Álvaro Espinoza,12,1984,1997,0,942,2659,2478,252,630,105,9,22,201,13,19,76,324,.254,.279,.331,.610,3.90,"Feb 19, 1962","Sep 14, 1984","Valencia, Carabobo",*654H/3D1
Anderson Espinoza,1,2022,2022,0,0,0,0,0,0,0,0,0,0,0,0,0,0,,,,,-0.01,"Mar 9, 1998","May 30, 2022","Caracas, Distrito Federal",/1
Horacio Estrada,3,1999,2001,0,15,10,9,1,1,0,0,0,0,0,0,0,2,.111,.111,.111,.222,-0.58,"Oct 19, 1975","May 4, 1999","San Joaquin, Carabobo",/1
Thairo Estrada,6,2019,2024,0,432,1565,1444,206,375,67,5,47,180,51,15,76,311,.260,.310,.411,.721,5.42,"Feb 22, 1996","Apr 21, 2019","Bejuma, Carabobo",*46H/75D98
Freddy Fermin,3,2022,2024,0,107,347,322,40,90,16,1,10,43,0,1,20,72,.280,.321,.429,.749,2.73,"May 16, 1995","Jul 15, 2022","Puerto Ordaz, Bolivar",2/HD
Jesús Flores,5,2007,2012,0,311,1014,937,84,226,48,4,23,127,1,4,58,238,.241,.289,.375,.663,0.91,"Oct 26, 1984","Apr 4, 2007","Carupano, Sucre",2H
Ramón Flores,3,2015,2017,0,119,331,289,21,59,9,0,2,20,3,0,31,63,.204,.281,.256,.537,-1.66,"Mar 26, 1992","May 30, 2015","Barinas, Barinas",9/8H73
Wilmer Flores,12,2013,2024,0,1192,4174,3799,469,995,199,5,151,525,5,3,290,572,.262,.318,.436,.754,10.29,"Aug 6, 1991","Aug 6, 2013","Valencia, Carabobo",*345H6D
Wilmer Font,6,2012,2020,0,27,6,3,0,1,0,0,0,0,0,0,0,2,.333,.333,.333,.667,-0.05,"May 24, 1990","Sep 18, 2012","La Guaira, La Guaira",1
Enderson Franco,1,2019,2019,0,4,0,0,0,0,0,0,0,0,0,0,0,0,,,,,0.12,"Dec 29, 1992","Sep 18, 2019","Anaco, Anzoategui",/1
Alejandro Freire,1,2005,2005,0,25,72,65,7,16,3,0,1,4,0,0,6,17,.246,.319,.338,.658,-0.26,"Aug 23, 1974","Aug 9, 2005","Caracas, Distrito Federal",/3D7H
Andrés Galarraga,19,1985,2004,5,2257,8916,8096,1195,2333,444,32,399,1425,128,81,583,2003,.288,.347,.499,.846,31.69,"Jun 18, 1961","Aug 23, 1985","Caracas, Distrito Federal",*3HD/5
Armando Galarraga,6,2007,2012,0,18,36,31,2,0,0,0,0,1,0,0,3,16,.000,.088,.000,.088,2.46,"Jan 15, 1982","Sep 15, 2007","Cumana, Sucre",1
Freddy Galvis,10,2012,2021,0,1102,4238,3921,436,966,171,27,109,426,57,21,241,853,.246,.292,.387,.680,9.56,"Nov 14, 1989","Apr 5, 2012","Punto Fijo, Falcon",*64H5/7D38
Víctor Gárate,1,2009,2009,0,4,0,0,0,0,0,0,0,0,0,0,0,0,,,,,-0.17,"Sep 25, 1984","Sep 5, 2009","Maracay, Aragua",/1
Rich Garcés,10,1990,2002,0,32,3,3,0,0,0,0,0,0,0,0,0,1,.000,.000,.000,.000,4.72,"May 18, 1971","Sep 18, 1990","Maracay, Aragua",1
Avisaíl García,13,2012,2024,1,1104,4298,3949,496,1038,154,17,140,524,51,32,262,1038,.263,.316,.417,.733,9.28,"Jun 12, 1991","Aug 31, 2012","Anaco, Anzoategui",*9D8H/7
Carlos García,10,1990,1999,1,610,2359,2178,274,580,102,17,33,197,73,33,115,340,.266,.307,.374,.682,1.00,"Oct 15, 1967","Sep 20, 1990","Tachira, Tachira",*46/H5D3
Freddy García,15,1999,2013,2,39,99,77,1,12,2,0,0,4,0,0,2,26,.156,.175,.182,.357,34.18,"Oct 6, 1976","Apr 7, 1999","Caracas, Distrito Federal",*1/H
Harvey García,1,2007,2007,0,8,0,0,0,0,0,0,0,0,0,0,0,0,,,,,0.13,"Mar 16, 1984","Sep 3, 2007","Caracas, Distrito Federal",/1
Luis Garcia,4,2020,2023,0,3,6,6,0,0,0,0,0,0,0,0,0,1,.000,.000,.000,.000,4.58,"Dec 13, 1996","Sep 4, 2020","Bolivar, Bolivar",1
Maikel Garcia,3,2022,2024,0,192,812,737,100,200,33,7,9,87,37,7,58,165,.271,.321,.372,.693,2.62,"Mar 3, 2000","Jul 15, 2022","La Sabana, Vargas",5/6D4H
Miguel García,3,1987,1989,0,13,1,1,0,1,0,0,0,0,0,0,0,0,1.000,1.000,1.000,2.000,-0.81,"Apr 3, 1967","Apr 30, 1987","Caracas, Distrito Federal",/1
Ramón García,3,1991,1997,0,40,45,36,2,4,2,0,0,5,0,0,0,13,.111,.132,.167,.298,-0.29,"Feb 9, 1969","May 31, 1991","Guanare, Portuguesa",1
Rosman García,2,2003,2004,0,4,0,0,0,0,0,0,0,0,0,0,0,0,,,,,-0.39,"Jan 3, 1979","Apr 19, 2003","Maracay, Aragua",1
Gus Gil,4,1967,1971,0,221,538,468,46,87,16,0,1,37,5,0,56,63,.186,.272,.226,.499,-1.26,"Apr 19, 1939","Apr 11, 1967","Caracas, Distrito Federal",4H5/63
Andrés Giménez,5,2020,2024,1,471,1758,1572,221,417,75,11,44,192,78,13,95,343,.265,.332,.411,.743,16.22,"Sep 4, 1998","Jul 24, 2020","Barquisimeto, Lara",*46/H5D
Héctor Giménez,4,2006,2013,0,37,100,88,9,19,4,0,2,11,0,0,7,29,.216,.280,.330,.610,0.37,"Sep 28, 1982","Sep 25, 2006","San Felipe, Yaracuy",/2HD79
José Godoy,2,2021,2022,0,26,62,57,5,7,1,0,0,4,0,0,5,23,.123,.194,.140,.334,-0.39,"Oct 13, 1994","May 21, 2021","Maracaibo, Zulia",/2DH
Jeanmar Gómez,10,2010,2019,0,219,20,19,0,3,0,0,0,0,0,0,0,11,.158,.158,.158,.316,-0.03,"Feb 10, 1988","Jul 18, 2010","Caracas, Distrito Federal",*1
Yoendrys Gómez,2,2023,2024,0,0,0,0,0,0,0,0,0,0,0,0,0,0,,,,,0.09,"Oct 15, 1999","Sep 28, 2023",Nirgua,/1
Alberto González,7,2007,2013,0,426,1023,950,97,227,46,7,4,91,2,5,45,130,.239,.275,.315,.590,-0.87,"Apr 18, 1983","Sep 1, 2007","Maracaibo, Zulia",46H5/3D971
Álex González,16,1998,2014,1,1609,6248,5776,667,1418,332,31,157,690,30,22,300,1168,.245,.290,.395,.685,9.36,"Feb 15, 1977","Aug 25, 1998","Cagua, Aragua",*6H/35
Alfredo González,1,2018,2018,0,3,9,9,0,1,0,0,0,1,0,0,0,4,.111,.111,.111,.222,-0.13,"Jul 13, 1992","May 26, 2018","Santa Teresa del Tuy, Miranda",/2
Carlos González,12,2008,2019,3,1377,5551,5033,821,1432,302,40,234,785,122,33,448,1240,.285,.343,.500,.843,24.40,"Oct 17, 1985","May 30, 2008","Maracaibo, Zulia",*9*78H/D
Enrique González,6,2006,2011,0,30,35,32,3,9,1,0,0,3,0,0,0,8,.281,.281,.313,.594,0.00,"Jul 14, 1982","May 28, 2006","Ciudad Bolivar, Bolivar",1/H
Geremi González,6,1997,2006,0,66,108,86,2,10,1,0,0,3,0,0,4,28,.116,.156,.128,.283,2.08,"Jan 8, 1975","May 27, 1997","Maracaibo, Zulia",1/H
Germán González,2,1988,1989,0,1,0,0,0,0,0,0,0,0,0,0,0,0,,,,,0.24,"Mar 7, 1962","Aug 5, 1988","Rio Caribe, Sucre",1
Luis González,3,2004,2006,0,291,951,875,100,248,51,3,23,98,5,10,39,157,.283,.321,.427,.749,0.34,"Jun 26, 1979","Apr 6, 2004","Maracay, Aragua",4H5/6973D
Marwin González,11,2012,2022,0,1138,3882,3526,420,888,183,8,107,415,44,28,261,812,.252,.310,.399,.709,14.30,"Mar 14, 1989","Apr 6, 2012","Puerto Ordaz, Bolivar",*63754H9/D81
Miguel González,1,2013,2013,0,5,9,9,0,2,0,0,0,0,0,0,0,3,.222,.222,.222,.444,0.01,"Dec 3, 1990","Sep 10, 2013","Porlamar, Nueva Esparta",/2DH
Wiki González,7,1999,2006,0,295,932,836,75,200,41,3,17,103,3,2,78,112,.239,.310,.356,.666,1.50,"May 17, 1974","Aug 14, 1999","Aragua, Aragua",2H/D1
Beiker Graterol,1,1999,1999,0,0,0,0,0,0,0,0,0,0,0,0,0,0,,,,,-0.26,"Nov 9, 1974","Apr 9, 1999","Barquisimeto, Lara",/1
Brusdar Graterol,5,2019,2023,0,35,2,2,0,0,0,0,0,0,0,0,0,0,.000,.000,.000,.000,3.41,"Aug 26, 1998","Sep 1, 2019","Calabozo, Guarico",1
Juan Graterol,4,2016,2019,0,67,129,124,10,27,6,0,0,14,0,0,2,20,.218,.227,.266,.493,0.08,"Feb 14, 1989","Sep 2, 2016","Maracay, Aragua",2/H
Mayckol Guaipe,2,2015,2016,0,2,0,0,0,0,0,0,0,0,0,0,0,0,,,,,-0.65,"Aug 11, 1990","Jun 1, 2015","Barcelona, Anzoategui",/1
Deolis Guerra,6,2015,2021,0,19,1,1,0,0,0,0,0,0,0,0,0,0,.000,.000,.000,.000,-0.32,"Apr 17, 1989","Jun 27, 2015","San Felix, Bolivar",1
Junior Guerra,7,2015,2021,0,139,106,91,4,13,5,0,0,0,0,0,0,33,.143,.143,.198,.341,5.12,"Jan 16, 1985","Jun 12, 2015","San Felix, Bolivar",1/H
Giomar Guevara,3,1997,1999,0,26,34,29,6,6,4,0,0,2,1,0,4,8,.207,.324,.345,.668,-0.40,"Oct 23, 1972","Sep 19, 1997","Guarenas, Miranda",/64HD
Carlos Guillén,14,1998,2011,3,1305,5277,4673,733,1331,266,51,124,660,74,47,510,804,.285,.355,.443,.798,27.74,"Sep 30, 1975","Sep 6, 1998","Maracay, Aragua",*654D37H
Ozzie Guillén,16,1985,2000,3,1993,7133,6686,773,1764,275,69,28,619,169,108,239,511,.264,.287,.338,.626,21.00,"Jan 20, 1964","Apr 9, 1985","Ocumare del Tuy, Miranda",*6H/534D7
Luis Guillorme,7,2018,2024,0,360,891,782,81,203,38,2,5,53,4,2,97,146,.260,.342,.332,.674,2.79,"Sep 27, 1994","May 11, 2018","Caracas, Distrito Federal",4H56/D1
César Gutiérrez,4,1967,1971,0,223,600,545,61,128,13,6,0,26,7,5,30,51,.235,.277,.281,.558,-1.84,"Jan 26, 1943","Apr 16, 1967","Coro, Falcon",6H/54
Franklin Gutiérrez,12,2005,2017,0,954,3335,3032,394,778,150,9,97,361,78,19,228,736,.257,.311,.408,.719,18.15,"Feb 21, 1983","Aug 31, 2005","Caracas, Distrito Federal",*8*9H7D
J.C. Gutiérrez,6,2007,2014,0,204,8,7,1,0,0,0,0,0,0,0,0,5,.000,.000,.000,.000,-0.63,"Jul 14, 1983","Aug 19, 2007","Puerto La Cruz, Anzoategui",1
Ángel Guzmán,4,2006,2009,0,88,26,22,0,2,1,0,0,2,0,0,0,7,.091,.091,.136,.227,1.21,"Dec 14, 1981","Apr 26, 2006","Caracas, Distrito Federal",1
Jesús Guzmán,5,2009,2014,0,403,1114,1007,108,249,61,4,25,136,18,5,97,248,.247,.316,.390,.706,1.79,"Jun 14, 1984","May 21, 2009","Cumana, Sucre",3H7/9D45
Óscar Henríquez,3,1997,2002,0,19,1,1,0,0,0,0,0,0,0,0,0,0,.000,.000,.000,.000,-0.61,"Jan 28, 1974","Sep 7, 1997","La Guaira, La Guaira",1
Ubaldo Heredia,1,1987,1987,0,2,2,2,0,0,0,0,0,0,0,0,0,1,.000,.000,.000,.000,-0.05,"May 4, 1956","May 12, 1987","Ciudad Bolivar, Bolivar",/1
Remy Hermoso,4,1967,1974,0,91,245,223,25,47,3,1,0,8,6,3,14,21,.211,.259,.233,.493,-0.59,"Oct 1, 1947","Sep 14, 1967","Puerto Cabello, Carabobo",4/H65
Carlos Hernández,10,1990,2000,0,488,1337,1244,102,315,51,1,24,141,5,8,63,196,.253,.298,.354,.651,0.04,"May 24, 1967","Apr 20, 1990","San Felix, Bolivar",*2H/35
Carlos Hernández,5,2020,2024,0,3,4,4,0,0,0,0,0,0,0,0,0,4,.000,.000,.000,.000,0.24,"Mar 11, 1997","Sep 1, 2020","Ciudad Guayana, Bolivar",1
Carlos Hernández,3,2001,2004,0,37,63,52,3,8,0,0,0,2,0,0,2,17,.154,.185,.154,.339,2.21,"Apr 22, 1980","Aug 18, 2001","Guacara, Carabobo",1/H
Carlos Hernández,2,1999,2000,0,18,16,15,4,2,0,0,0,1,3,2,0,1,.133,.133,.133,.267,-0.24,"Dec 12, 1975","May 26, 1999","Caracas, Distrito Federal",/H456
César Hernández,10,2013,2022,0,1186,4797,4278,590,1144,182,33,71,369,91,40,453,926,.267,.341,.375,.716,13.17,"May 23, 1990","May 29, 2013","Valencia, Carabobo",*4H5/867D
Darwinzon Hernández,4,2019,2022,0,7,0,0,0,0,0,0,0,0,0,0,0,0,,,,,0.48,"Dec 17, 1996","Apr 23, 2019","Ciudad Bolivar, Bolivar",1
Elieser Hernández,6,2018,2024,0,63,53,44,1,2,0,0,0,0,0,0,1,24,.045,.067,.045,.112,-0.41,"May 3, 1995","May 10, 2018","Ocumare del Tuy, Miranda",1
Enzo Hernández,8,1971,1978,0,714,2612,2327,241,522,66,13,2,113,129,33,189,151,.224,.283,.266,.550,0.40,"Feb 12, 1949","Apr 17, 1971","Valle de Guanape, Anzoategui",*6H/79
Félix Hernández,15,2005,2019,6,22,59,50,3,4,1,0,1,7,0,0,2,22,.080,.115,.160,.275,49.69,"Apr 8, 1986","Aug 4, 2005","Valencia, Carabobo",*1
Gorkys Hernández,6,2012,2019,0,394,1091,988,122,227,44,8,20,81,29,12,79,253,.230,.292,.351,.643,-1.25,"Sep 7, 1987","May 21, 2012","Guiria, Sucre",87H9/D
Leo Hernández,4,1982,1986,0,85,262,248,23,56,8,1,7,30,1,0,13,33,.226,.263,.351,.614,-1.31,"Nov 6, 1959","Sep 19, 1982","Santa Lucia, Miranda",5/DH347
Luis Hernández,5,2007,2012,0,122,292,267,22,65,5,0,3,20,6,2,14,46,.243,.284,.296,.580,-0.11,"Jun 26, 1984","Jul 8, 2007","Quibor, Lara",6/4H5D7
Óscar Hernández,3,2015,2020,0,26,51,46,6,9,1,0,1,2,0,0,3,16,.196,.260,.283,.543,-0.31,"Jul 9, 1993","Jul 12, 2015","Punto Fijo, Falcon",/2HD
Pedro Hernández,3,2012,2014,0,1,2,2,0,0,0,0,0,0,0,0,0,2,.000,.000,.000,.000,-1.09,"Apr 12, 1989","Jul 18, 2012","Barquisimeto, Lara",/1
Ramón Hernández,15,1999,2013,1,1526,5701,5105,580,1345,262,8,169,757,9,5,430,734,.263,.327,.417,.744,22.04,"May 20, 1976","Jun 29, 1999","Caracas, Distrito Federal",*2H3/D5
Toby Hernández,1,1984,1984,0,3,2,2,1,1,0,0,0,0,0,0,0,0,.500,.500,.500,1.000,0.03,"Nov 30, 1958","Jun 22, 1984","Calabozo, Guarico",/2H
Yoel Hernández,1,2007,2007,0,12,0,0,0,0,0,0,0,0,0,0,0,0,,,,,-0.05,"Apr 15, 1980","May 5, 2007","Ciudad Bolivar, Bolivar",/1
Yonny Hernández,3,2021,2023,0,69,221,189,22,36,6,0,0,10,13,2,21,44,.190,.286,.222,.508,0.84,"May 4, 1998","Aug 5, 2021","Maturin, Monagas",5/4H6D1
Alex Herrera,2,2002,2003,0,0,0,0,0,0,0,0,0,0,0,0,0,0,,,,,0.03,"Nov 5, 1979","Sep 13, 2002","Maracaibo, Zulia",/1
Jonathan Herrera,7,2008,2015,0,490,1345,1200,136,311,34,10,10,89,18,13,96,196,.259,.316,.329,.645,0.70,"Nov 3, 1984","Apr 30, 2008","Maracaibo, Zulia",46H5/D73
José Herrera,2,2022,2023,0,88,244,212,24,42,7,0,0,12,1,0,22,64,.198,.272,.231,.503,-0.44,"Feb 24, 1997","Apr 9, 2022","San Carlos, Cojedes",2/1HD
José Herrera,4,1967,1970,0,80,244,231,16,61,10,0,2,20,1,4,7,28,.264,.286,.333,.619,0.08,"Apr 8, 1942","Jun 3, 1967","San Lorenzo, Zulia",/7H8945
Odúbel Herrera,7,2015,2022,1,817,3181,2915,376,791,158,19,78,305,68,25,211,663,.271,.326,.419,.745,13.41,"Dec 29, 1991","Apr 6, 2015","San Jose, Anzoategui",*8H7/9
Ronald Herrera,1,2017,2017,0,0,0,0,0,0,0,0,0,0,0,0,0,0,,,,,-0.05,"May 3, 1995","Jun 14, 2017","Maracay, Aragua",/1
Richard Hidalgo,9,1997,2005,0,987,3929,3459,531,929,214,19,171,560,48,34,358,737,.269,.345,.490,.835,19.16,"Jun 28, 1975","Sep 1, 1997","Caracas, Distrito Federal",*9*87H/D
Edwin Hurtado,3,1995,1997,0,0,0,0,0,0,0,0,0,0,0,0,0,0,,,,,-0.84,"Feb 1, 1970","May 22, 1995","Barquisimeto, Lara",1
Edgar Ibarra,1,2015,2015,0,0,0,0,0,0,0,0,0,0,0,0,0,0,,,,,0.07,"May 31, 1989","Jun 2, 2015","Valencia, Carabobo",/1
Ender Inciarte,9,2014,2022,1,868,3422,3125,447,875,138,28,42,263,118,45,239,447,.280,.333,.382,.715,17.89,"Oct 29, 1990","May 2, 2014","Maracaibo, Zulia",*879H/D
Alexis Infante,4,1987,1990,0,60,62,55,11,6,1,0,0,0,1,0,2,12,.109,.155,.127,.282,-1.05,"Dec 4, 1961","Sep 27, 1987","Barquisimeto, Lara",/H564D
Gregory Infante,3,2010,2018,0,4,0,0,0,0,0,0,0,0,0,0,0,0,,,,,0.98,"Jul 10, 1987","Sep 7, 2010","Caracas, Distrito Federal",1
Omar Infante,15,2002,2016,1,1507,5698,5271,609,1427,260,53,82,542,80,33,296,776,.271,.308,.387,.695,16.90,"Dec 26, 1981","Sep 7, 2002","Puerto La Cruz, Anzoategui",*465H78/D9
Hernán Iribarren,3,2008,2016,0,48,74,72,8,19,3,3,0,4,1,0,2,19,.264,.284,.389,.673,0.17,"Jun 29, 1984","Apr 12, 2008","Barquisimeto, Lara",H/483957
César Izturis,13,2001,2013,1,1310,4679,4350,441,1103,177,34,17,312,110,53,226,431,.254,.293,.322,.614,6.10,"Feb 10, 1980","Jun 23, 2001","Barquisimeto, Lara",*6H45/D3
Maicer Izturis,11,2004,2014,0,909,3350,3013,406,810,159,17,39,334,93,33,267,355,.269,.331,.372,.703,11.33,"Sep 12, 1980","Aug 27, 2004","Barquisimeto, Lara",*5*46H/D87
César Jiménez,6,2006,2015,0,51,1,1,0,0,0,0,0,0,0,0,0,1,.000,.000,.000,.000,1.03,"Nov 12, 1984","Sep 11, 2006","Cumana, Sucre",1
Eduardo Jiménez,1,2019,2019,0,0,0,0,0,0,0,0,0,0,0,0,0,0,,,,,0.06,"Apr 4, 1995","May 7, 2019","Araya, Sucre",/1
Luis Jiménez,1,2012,2012,0,7,18,17,0,1,0,0,0,0,0,0,1,4,.059,.111,.059,.170,-0.34,"May 7, 1982","Sep 4, 2012","Bobare, Lara",/DH
Jorge Julio,9,2001,2009,0,166,4,2,0,0,0,0,0,0,0,0,2,2,.000,.500,.000,.500,1.54,"Mar 3, 1979","Apr 26, 2001","Caracas, Distrito Federal",*1
Luis Leal,6,1980,1985,0,1,0,0,0,0,0,0,0,0,0,0,0,0,,,,,10.56,"Mar 21, 1957","May 25, 1980","Barquisimeto, Lara",1
Wil Ledezma,9,2003,2011,0,89,15,12,2,0,0,0,0,0,0,0,1,6,.000,.077,.000,.077,-1.75,"Jan 21, 1981","Apr 2, 2003","Valle de la Pascua, Guarico",1
Arcenio León,1,2017,2017,0,0,0,0,0,0,0,0,0,0,0,0,0,0,,,,,-0.27,"Sep 22, 1986","May 28, 2017","Maracaibo, Zulia",/1
Danny Leon,1,1992,1992,0,0,0,0,0,0,0,0,0,0,0,0,0,0,,,,,-0.30,"Apr 3, 1967","Jun 6, 1992","La Concepcion, Zulia",/1
Sandy León,12,2012,2023,0,554,1729,1549,158,322,62,2,31,149,1,1,133,455,.208,.276,.311,.586,0.53,"Mar 13, 1989","May 14, 2012","Maracaibo, Zuila",*2H/D153
Felipe Lira,7,1995,2001,0,54,21,19,3,4,0,0,2,3,0,0,0,13,.211,.200,.526,.726,5.16,"Apr 26, 1972","Apr 27, 1995","Santa Teresa del Tuy, Miranda",1/H
Mauricio Llovera,4,2020,2023,0,6,0,0,0,0,0,0,0,0,0,0,0,0,,,,,-0.32,"Apr 17, 1996","Sep 6, 2020","El Tigre, Anzoategui",1
José Lobatón,10,2009,2021,0,419,1291,1145,110,244,47,4,21,107,0,2,123,298,.213,.291,.316,.607,-0.26,"Oct 21, 1984","Jul 5, 2009","Acarigua, Portuguesa",*2H/D4
José López,9,2004,2012,1,1036,4089,3841,421,1005,215,11,92,480,25,17,150,471,.262,.292,.395,.688,10.03,"Nov 24, 1983","Jul 31, 2004","Barcelona, Anzoategui",*4563HD/9
Pablo López,7,2018,2024,1,52,89,84,4,11,4,0,0,3,0,0,1,44,.131,.141,.179,.320,12.13,"Mar 7, 1996","Jun 30, 2018","Cabimas, Zulia",1/H
Urbano Lugo,6,1985,1990,0,3,0,0,0,0,0,0,0,0,0,0,0,0,,,,,-0.53,"Aug 12, 1962","Apr 28, 1985","Punto Fijo, Falcon",1
Fernando Lunar,3,2000,2002,0,97,257,237,13,53,8,0,0,22,0,2,10,51,.224,.275,.257,.532,-0.20,"May 25, 1977","May 8, 2000","Cantaura, Anzoategui",2/H
Alejandro Machado,1,2005,2005,0,10,6,5,4,1,1,0,0,0,0,0,1,1,.200,.333,.400,.733,0.23,"Apr 26, 1982","Sep 2, 2005","Caracas, Distrito Federal",/H48796
Anderson Machado,3,2003,2005,0,24,81,68,7,15,5,1,0,6,4,1,12,32,.221,.333,.324,.657,-0.26,"Jan 25, 1981","Sep 27, 2003","Caracas, Distrito Federal",/6H
Andrés Machado,4,2017,2023,0,40,0,0,0,0,0,0,0,0,0,0,0,0,,,,,0.05,"Apr 22, 1993","Sep 2, 2017","Urama, Carabobo",1
Dixon Machado,5,2015,2022,0,177,522,473,45,107,21,2,2,37,3,1,35,96,.226,.285,.292,.577,-0.87,"Feb 22, 1992","May 25, 2015","San Cristobal, Tachira",46/HD5
Julio Machado,3,1989,1991,0,37,0,0,0,0,0,0,0,0,0,0,0,0,,,,,2.56,"Dec 1, 1965","Sep 7, 1989","San Carlos del Zulia, Zulia",1
Robert Machado,9,1996,2004,0,253,694,636,66,146,36,2,11,61,0,0,45,135,.230,.282,.344,.626,0.34,"Jun 3, 1973","Jul 24, 1996","Puerto Cabello, Carabobo",2/H3
Jean Machi,5,2012,2017,0,163,7,6,0,0,0,0,0,0,0,0,0,4,.000,.000,.000,.000,2.08,"Feb 1, 1982","Sep 3, 2012","El Tigre, Anzoategui",1
Luís Madero,1,2021,2021,0,6,1,1,0,0,0,0,0,0,0,0,0,0,.000,.000,.000,.000,-0.32,"Apr 15, 1997","May 10, 2021","Maracay, Aragua",/1
José Malavé,2,1996,1997,0,45,109,106,12,24,3,0,4,17,0,0,2,27,.226,.248,.368,.616,-0.61,"May 31, 1971","May 23, 1996","Cumana, Sucre",/97H
Carlos Maldonado,4,2006,2012,0,29,74,63,3,10,1,0,3,8,1,0,9,24,.159,.260,.317,.578,-0.08,"Jan 3, 1979","Sep 8, 2006","Maracaibo, Zulia",/2H
Fred Manrique,9,1981,1991,0,498,1459,1337,151,340,59,11,20,151,18,14,65,239,.254,.292,.360,.651,2.58,"Nov 5, 1961","Aug 23, 1981","Ciudad Bolivar, Bolivar",*46H/5D
Tucupita Marcano,3,2021,2023,0,149,447,406,41,88,19,4,5,34,7,4,26,88,.217,.269,.320,.589,-0.93,"Sep 16, 1999","Apr 1, 2021","Tucupita, Delta Amacuro",647H/95D
Rafael Marchán,2,2020,2021,0,23,65,60,10,16,1,1,2,7,0,0,5,12,.267,.323,.417,.740,0.49,"Feb 25, 1999","Sep 14, 2020","San Cristobal, Tachira",/2H3
Germán Márquez,8,2016,2023,1,117,244,212,19,51,11,1,2,30,0,0,0,59,.241,.241,.330,.571,17.57,"Feb 22, 1995","Sep 8, 2016","San Felix, Bolivar",1/H
Gonzalo Márquez,3,1972,1974,0,76,128,115,9,27,3,0,1,10,1,1,7,14,.235,.286,.287,.573,-0.52,"Mar 31, 1940","Aug 11, 1972","Carupano, Sucre",H/34D9
Carlos Martínez,7,1988,1995,0,465,1586,1485,145,383,63,6,25,161,10,10,74,209,.258,.293,.359,.652,-2.36,"Aug 11, 1965","Sep 2, 1988","La Guaira, La Guaira",35DH/7
David Martínez,2,2013,2014,0,0,0,0,0,0,0,0,0,0,0,0,0,0,,,,,-0.36,"Aug 4, 1987","Aug 21, 2013","Cumana, Sucre",/1
José Martínez,5,2016,2020,0,432,1386,1244,170,360,61,3,43,182,7,3,128,274,.289,.356,.447,.803,2.42,"Jul 25, 1988","Sep 6, 2016","La Guaira, La Guaira",93HD7
Víctor Martínez,16,2002,2018,5,1973,8166,7297,914,2153,423,3,246,1178,7,7,730,891,.295,.360,.455,.815,31.96,"Dec 23, 1978","Sep 10, 2002","Ciudad Bolivar, Bolivar",*D*23H
Willie Martínez,1,2000,2000,0,0,0,0,0,0,0,0,0,0,0,0,0,0,,,,,0.08,"Jan 4, 1978","Jun 14, 2000","Barquisimeto, Lara",/1
Frank Mata,1,2010,2010,0,2,0,0,0,0,0,0,0,0,0,0,0,0,,,,,-0.36,"Mar 11, 1984","May 26, 2010","Barcelona, Anzoategui",/1
Luis Matos,2,2023,2024,0,97,342,313,33,76,16,1,4,34,3,0,23,43,.243,.300,.339,.639,-0.49,"Jan 28, 2002","Jun 14, 2023","Valera, Trujillo",8/97HD
Luis Maza,1,2008,2008,0,45,88,79,7,18,1,0,1,4,0,0,5,11,.228,.282,.278,.561,-0.73,"Jun 22, 1980","May 14, 2008","Cumana, Sucre",4/6H
Yoervis Medina,3,2013,2015,0,13,0,0,0,0,0,0,0,0,0,0,0,0,,,,,2.82,"Jul 27, 1988","Apr 16, 2013","Puerto Cabello, Carabobo",1
Carlos Méndez,1,2003,2003,0,26,46,45,3,10,2,0,0,5,0,0,0,12,.222,.217,.267,.484,-0.26,"Jun 18, 1974","May 22, 2003","Caracas, Distrito Federal",/H3D
Donaldo Méndez,2,2001,2003,0,72,221,202,21,37,8,1,3,14,2,2,12,69,.183,.245,.277,.523,-1.42,"Jun 7, 1978","Apr 5, 2001","Barquisimeto, Lara",6/H
Yohander Méndez,4,2016,2019,0,1,2,2,0,0,0,0,0,0,0,0,0,1,.000,.000,.000,.000,-0.17,"Jan 17, 1995","Sep 5, 2016","Valencia, Carabobo",/1
Carlos Mendoza,2,1997,2000,0,28,29,22,6,4,0,0,0,1,0,1,5,6,.182,.379,.182,.561,-0.21,"Nov 4, 1974","Sep 3, 1997","Ciudad Bolivar, Bolivar",/H78
José Mijares,6,2008,2013,0,93,1,1,0,0,0,0,0,0,0,0,0,1,.000,.000,.000,.000,4.21,"Oct 29, 1984","Sep 13, 2008","Caracas, Distrito Federal",*1
Anthony Molina,1,2024,2024,0,0,0,0,,,,,,,,,,,,,,,-0.38,"Jan 12, 2002","Mar 28, 2024","San Joaquin, Carabobo",/1
Gustavo Molina,4,2007,2011,0,26,51,47,2,6,2,0,0,1,0,0,2,10,.128,.160,.170,.330,-0.68,"Feb 24, 1982","Apr 2, 2007","La Guaira, La Guaira",/2H
Andruw Monasterio,2,2023,2024,0,108,350,312,44,77,14,1,4,30,9,2,33,75,.247,.323,.337,.659,1.48,"May 30, 1997","May 28, 2023","Caracas, Distrito Federal",54/HD67
Carlos Monasterios,1,2010,2010,0,31,18,14,1,1,0,0,0,0,0,0,0,7,.071,.071,.071,.143,0.41,"Mar 21, 1986","Apr 5, 2010","Higuerote, Miranda",1
Jesús Montero,5,2011,2015,0,226,865,806,73,204,31,1,28,104,0,3,48,172,.253,.295,.398,.693,-0.34,"Nov 28, 1989","Sep 1, 2011","Guacara, Carabobo",D2/3H
Keider Montero,1,2024,2024,0,0,0,0,,,,,,,,,,,,,,,-0.12,"Jul 6, 2000","May 29, 2024","Santa Teresa del Tuy, Miranda",/1
Miguel Montero,13,2006,2018,2,1185,4343,3801,458,973,197,7,126,550,5,9,446,881,.256,.340,.411,.751,14.34,"Jul 9, 1983","Sep 6, 2006","Caracas, Distrito Federal",*2H/D13
Ramón Monzant,6,1954,1960,0,110,96,89,9,14,0,0,0,2,0,0,3,26,.157,.183,.157,.340,0.96,"Jan 4, 1933","Jul 2, 1954","Maracaibo, Zulia",1/H
Melvin Mora,13,1999,2011,2,1556,6158,5422,794,1503,283,19,171,754,93,55,520,953,.277,.350,.431,.781,28.24,"Feb 2, 1972","May 30, 1999","Agua Negra, Yaracuy",*5678H4/93D
Francisco Morales,1,2022,2022,0,0,0,0,0,0,0,0,0,0,0,0,0,0,,,,,-0.12,"Oct 27, 1999","May 9, 2022","San Juan de los Morros, Guarico",/1
Franklin Morales,10,2007,2016,0,149,74,62,4,11,0,0,0,2,0,0,4,27,.177,.227,.177,.405,1.92,"Jan 24, 1986","Aug 18, 2007","San Juan de los Morros, Guarico",*1
Osmer Morales,1,2018,2018,0,0,0,0,0,0,0,0,0,0,0,0,0,0,,,,,0.06,"Oct 30, 1992","Aug 16, 2018","Villa de Cura, Aragua",/1
Diego Moreno,2,2015,2017,0,0,0,0,0,0,0,0,0,0,0,0,0,0,,,,,-0.13,"Jul 21, 1987","Jun 22, 2015","Higuerote, Miranda",/1
Edwin Moreno,1,2009,2009,0,17,0,0,0,0,0,0,0,0,0,0,0,0,,,,,-0.12,"Jul 30, 1980","Apr 7, 2009","El Mojan, Zulia",/1
Gabriel Moreno,3,2022,2024,0,186,626,563,61,156,28,2,9,76,6,3,51,112,.277,.337,.382,.719,5.49,"Feb 14, 2000","Jun 11, 2022","Barquisimeto, Lara",2/HD457
Juan Moreno,2,2001,2002,0,6,0,0,0,0,0,0,0,0,0,0,0,0,,,,,0.43,"Feb 28, 1975","May 17, 2001","Maiquetia, La Guaira",1
Orber Moreno,3,1999,2004,0,39,2,2,0,0,0,0,0,0,0,0,0,1,.000,.000,.000,.000,0.15,"Apr 27, 1977","May 25, 1999","Caracas, Distrito Federal",1
Guillermo Moscoso,5,2009,2013,0,33,18,15,0,2,1,0,0,1,0,0,0,8,.133,.133,.200,.333,1.90,"Nov 14, 1983","May 30, 2009","Maracay, Aragua",1
Gabriel Moya,2,2017,2018,0,1,0,0,0,0,0,0,0,0,0,0,0,0,,,,,0.17,"Jan 9, 1995","Sep 12, 2017","Cabimas, Zulia",1
Edward Mujica,11,2006,2017,1,320,13,11,1,2,0,0,0,0,0,0,0,4,.182,.182,.182,.364,3.85,"May 10, 1984","Jun 21, 2006","Valencia, Carabobo",*1
José Mujica,1,2020,2020,0,0,0,0,0,0,0,0,0,0,0,0,0,0,,,,,-0.45,"Jun 29, 1996","Sep 8, 2020","Valencia, Carabobo",/1
Símon Muzziotti,1,2022,2022,0,9,9,7,0,1,0,0,0,0,0,0,0,2,.143,.250,.143,.393,-0.05,"Dec 27, 1998","Apr 11, 2022","Cumana, Sucre",/8H
Omar Narváez,9,2016,2024,1,677,2298,2016,228,507,83,2,53,203,0,2,240,435,.251,.334,.374,.708,6.21,"Feb 10, 1992","Jul 17, 2016","Maracay, Aragua",*2HD/43
Dioner Navarro,13,2004,2016,1,1009,3551,3207,322,802,142,6,77,367,14,12,265,518,.250,.309,.370,.679,7.05,"Feb 9, 1984","Sep 7, 2004","Caracas, Distrito Federal",*2HD
Edgar Navarro,1,2023,2023,0,0,0,0,0,0,0,0,0,0,0,0,0,0,,,,,-0.09,"Feb 5, 1998","Jul 30, 2023","Ciudad Bolivar, Bolivar",/1
Oswaldo Navarro,2,2006,2010,0,18,29,23,2,3,0,0,0,0,0,0,5,5,.130,.286,.130,.416,-0.03,"Oct 2, 1984","Sep 9, 2006","Villa de Cura, Aragua",/6HD
Ángel Nesbitt,1,2015,2015,0,2,0,0,0,0,0,0,0,0,0,0,0,0,,,,,-0.39,"Dec 4, 1990","Apr 8, 2015","Maracay, Aragua",/1
Fernando Nieve,4,2006,2010,0,94,35,28,0,5,0,0,0,2,0,0,2,11,.179,.233,.179,.412,1.01,"Jul 15, 1982","Apr 4, 2006","Puerto Cabello, Carabobo",1
José Nieves,5,1998,2002,0,212,573,530,55,128,20,5,9,51,2,5,23,102,.242,.278,.349,.627,-1.57,"Jun 16, 1975","Aug 7, 1998","Guacara, Carabobo",6H54/D389
Renato Núñez,6,2016,2021,0,307,1162,1055,137,258,51,0,56,154,1,1,82,296,.245,.308,.452,.760,2.03,"Apr 4, 1994","Sep 12, 2016","Valencia, Carabobo",D53/H7
Iván Ochoa,1,2008,2008,0,47,135,120,7,24,8,0,0,3,0,1,4,28,.200,.244,.267,.511,-0.99,"Dec 16, 1982","Jul 12, 2008","Guacara, Carabobo",6/4H
Rougned Odor,10,2014,2023,0,1154,4424,4044,541,930,186,29,178,568,70,52,269,1045,.230,.288,.422,.710,6.33,"Feb 3, 1994","May 8, 2014","Maracaibo, Zulia",*4H5/D93
Edward Olivares,5,2020,2024,0,268,906,833,112,215,39,5,29,92,16,12,52,173,.258,.309,.421,.731,-0.31,"Mar 6, 1996","Jul 25, 2020","Caracas, Distrito Federal",79DH/8
Lester Oliveros,3,2011,2014,0,0,0,0,0,0,0,0,0,0,0,0,0,0,,,,,-0.07,"May 28, 1988","Jul 1, 2011","Maracay, Aragua",/1
Ray Olmedo,6,2003,2012,0,218,484,444,53,102,18,2,2,27,6,1,26,90,.230,.273,.293,.566,-1.65,"May 31, 1981","May 25, 2003","Maracay, Aragua",6H4/5D9
Luis Ordaz,7,1997,2006,0,206,496,440,51,96,13,0,0,30,12,5,34,53,.218,.274,.248,.522,-2.47,"Aug 12, 1975","Sep 3, 1997","Maracaibo, Zulia",64/H5D
Magglio Ordóñez,15,1997,2011,6,1848,7745,6978,1076,2156,426,21,294,1236,94,50,651,852,.309,.369,.502,.871,38.79,"Jan 28, 1974","Aug 29, 1997","Caracas, Distrito Federal",*9DH/8
Anthony Ortega,1,2009,2009,0,0,0,0,0,0,0,0,0,0,0,0,0,0,,,,,-0.55,"Aug 24, 1985","Apr 25, 2009","Ocumare del Tuy, Miranda",/1
José Ortega,3,2012,2014,0,2,0,0,0,0,0,0,0,0,0,0,0,0,,,,,-0.02,"Oct 12, 1988","Jun 8, 2012","Caja Seca, Zulia",/1
Rafael Ortega,8,2012,2024,0,425,1301,1150,140,282,45,4,22,110,49,19,128,251,.245,.322,.349,.671,0.93,"May 15, 1991","Sep 30, 2012","El Tigre, Anzoategui",87H9/D
Joe Ortiz,1,2013,2013,0,4,0,0,0,0,0,0,0,0,0,0,0,0,,,,,-0.33,"Aug 13, 1990","Mar 31, 2013","Caracas, Distrito Federal",1
José Osuna,4,2017,2020,0,276,705,660,92,159,45,4,24,88,0,1,34,126,.241,.280,.430,.710,-0.82,"Dec 12, 1992","Apr 18, 2017","Trujillo, Trujillo",H395/7D1
Luis Oviedo,1,2021,2021,0,21,0,0,0,0,0,0,0,0,0,0,0,0,,,,,-0.93,"May 15, 1999","Apr 3, 2021","Barquisimeto, Lara",/1
Alex Pacheco,1,1996,1996,0,5,0,0,0,0,0,0,0,0,0,0,0,0,,,,,-0.26,"Jul 19, 1973","Apr 17, 1996","Caracas, Distrito Federal",/1
Pedro Pagés,1,2024,2024,0,11,25,20,1,1,1,0,0,4,0,0,4,8,.050,.200,.100,.300,-0.31,"Sep 17, 1998","Apr 7, 2024","Maracay, Aragua",/23H
Jermaine Palacios,1,2022,2022,0,30,77,70,8,10,0,0,2,6,0,0,4,27,.143,.184,.229,.413,-0.56,"Jul 19, 1996","May 31, 2022","Barquisimeto, Lara",/64H135
Daniel Palencia,2,2023,2024,0,0,0,0,0,0,0,0,0,0,0,0,0,0,,,,,0.04,"Feb 5, 2000","Jul 4, 2023","San Carlos, Cojedes",1
Eduardo Paredes,2,2017,2018,0,1,0,0,0,0,0,0,0,0,0,0,0,0,,,,,-0.21,"Mar 6, 1995","Jun 23, 2017","Valera, Trujillo",1
Johnny Paredes,3,1988,1991,0,60,138,123,12,26,3,0,1,11,6,3,11,18,.211,.292,.260,.552,-0.28,"Sep 2, 1962","Apr 29, 1988","Maracaibo, Zulia",4/HD596
Gerardo Parra,12,2009,2021,0,1519,5290,4858,633,1335,269,42,90,532,97,55,318,920,.275,.322,.403,.725,10.83,"May 6, 1987","May 13, 2009","Santa Barbara, Zulia",*7*9H83/45D1
Al Pedrique,3,1987,1989,0,174,489,449,32,111,18,1,1,36,5,4,29,61,.247,.298,.298,.597,0.82,"Aug 11, 1960","Apr 14, 1987","Valencia, Carabobo",6/5H4
David Peralta,11,2014,2024,0,1151,4351,3972,492,1106,227,48,117,542,37,16,315,844,.278,.334,.448,.782,15.30,"Aug 14, 1987","Jun 1, 2014","Valencia, Carabobo",*79HD/81
José Peraza,7,2015,2021,0,618,2159,2011,234,534,82,14,35,182,79,31,89,282,.266,.306,.372,.679,0.79,"Apr 30, 1994","Aug 10, 2015","Barinas, Barinas",64H7/85D19
Oswald Peraza,2,2022,2023,0,70,248,222,23,48,11,0,3,16,6,3,19,59,.216,.298,.306,.605,-0.21,"Jun 15, 2000","Sep 2, 2022","Barquisimeto, Lara",5/64HD
Oswaldo Peraza,1,1988,1988,0,0,0,0,0,0,0,0,0,0,0,0,0,0,,,,,-1.08,"Oct 19, 1962","Apr 4, 1988","Puerto Cabello, Carabobo",/1
Jhonny Pereda,1,2024,2024,0,5,5,5,0,0,0,0,0,0,0,0,0,1,.000,.000,.000,.000,-0.21,"Apr 18, 1996","Apr 17, 2024","San Juan, Aragua",/2
Everson Pereira,1,2023,2023,0,27,103,93,6,14,4,0,0,10,4,0,8,40,.151,.233,.194,.427,-0.61,"Apr 10, 2001","Aug 22, 2023","Cabudare, Lara",/7
Carlos Pérez,5,2015,2023,0,278,859,786,64,171,35,0,17,78,4,0,47,165,.218,.265,.327,.592,1.55,"Oct 27, 1990","May 5, 2015","Valencia, Carabobo",2H/3D17
Carlos Pérez,2,2022,2023,0,34,71,67,5,14,6,0,1,5,0,0,4,13,.209,.254,.343,.597,-0.26,"Sep 10, 1996","Aug 26, 2022","Valencia, Carabobo",/2HD
Eddie Pérez,11,1995,2005,0,564,1651,1525,137,386,85,2,40,172,1,4,84,234,.253,.297,.390,.687,1.82,"May 4, 1968","Sep 10, 1995","Ciudad Ojeda, Zulia",*2H/3D
Hernán Pérez,10,2012,2021,0,651,1846,1745,192,436,74,11,45,180,69,16,76,397,.250,.280,.382,.662,2.31,"Mar 26, 1991","Jun 9, 2012","Villa de Cura, Aragua",54H9763/81D
Martín Pérez,13,2012,2024,1,16,28,26,1,1,0,0,0,0,0,0,0,22,.038,.038,.038,.077,13.54,"Apr 4, 1991","Jun 27, 2012","Guanare, Portuguesa",1
Miguel Pérez,1,2005,2005,0,2,3,3,0,0,0,0,0,0,0,0,0,1,.000,.000,.000,.000,-0.06,"Sep 25, 1983","Sep 7, 2005","Caracas, Distrito Federal",/H2
Robert Pérez,6,1994,2001,0,221,516,497,49,126,19,1,8,44,3,1,11,74,.254,.271,.344,.616,-2.58,"Jun 4, 1969","Jul 20, 1994","Ciudad Bolivar, Bolivar",7H9/D8
Salvador Perez,13,2011,2024,8,1454,5854,5509,622,1480,272,11,256,853,6,1,217,1088,.269,.304,.461,.765,35.15,"May 10, 1990","Aug 10, 2011","Valencia, Carabobo",*2D3/H
Tomás Pérez,12,1995,2008,0,789,2074,1896,205,455,96,13,24,180,6,7,131,341,.240,.290,.342,.633,-0.22,"Dec 29, 1973","May 3, 1995","Barquisimeto, Lara",46H53/971
Williams Pérez,2,2015,2016,0,32,53,45,2,2,0,0,0,0,0,0,2,18,.044,.085,.044,.130,-0.74,"May 21, 1991","May 8, 2015","Acarigua, Portuguesa",1
Roberto Petagine,7,1994,2006,0,242,438,366,48,83,17,1,12,54,1,2,63,103,.227,.345,.377,.722,-0.01,"Jun 7, 1971","Apr 4, 1994","Porlamar, Nueva Esparta",3H/97D
Gregorio Petit,6,2008,2018,0,197,493,458,55,114,29,1,4,35,4,3,27,121,.249,.294,.343,.637,-0.08,"Dec 10, 1984","May 18, 2008","Ocumare del Tuy, Miranda",465H/D739
Yusmeiro Petit,14,2006,2021,0,205,129,119,6,6,0,0,0,3,0,0,3,49,.050,.074,.050,.124,8.59,"Nov 22, 1984","May 14, 2006","Maracaibo, Zulia",*1
Manny Piña,10,2011,2023,0,418,1255,1126,133,274,55,2,43,149,4,1,94,261,.243,.312,.410,.722,6.41,"Jun 5, 1987","Aug 3, 2011","Barquisimeto, Lara",*2H/D35
Israel Pineda,1,2022,2022,0,4,14,13,1,1,0,0,0,0,0,0,1,7,.077,.143,.077,.220,-0.15,"Apr 3, 2000","Sep 11, 2022","Maracay, Aragua",/2
Yohan Pino,2,2014,2015,0,0,0,0,0,0,0,0,0,0,0,0,0,0,,,,,0.26,"Dec 26, 1983","Jun 19, 2014","Turmero, Aragua",/1
Josmil Pinto,3,2013,2016,0,84,286,250,36,63,13,0,11,30,0,1,31,76,.252,.336,.436,.772,0.90,"Mar 31, 1989","Sep 1, 2013","Valencia, Carabobo",2/DH
René Pinto,3,2022,2024,0,82,237,225,20,52,9,0,10,32,0,0,8,87,.231,.263,.404,.667,-0.17,"Nov 2, 1996","Apr 26, 2022","Maracay, Aragua",2/1
Renyel Pinto,5,2006,2010,0,234,9,6,0,0,0,0,0,0,0,0,1,4,.000,.143,.000,.143,3.30,"Jul 8, 1982","May 18, 2006","Cupira, Miranda",1
Ricardo Pinto,3,2017,2024,0,25,1,1,1,0,0,0,0,0,0,0,0,1,.000,.000,.000,.000,-1.57,"Jan 20, 1994","May 31, 2017","Guacara, Carabobo",1/H
José Pirela,6,2014,2019,0,302,985,909,113,234,55,8,17,82,11,7,63,196,.257,.308,.392,.699,0.60,"Nov 21, 1989","Sep 22, 2014","Valera, Trujillo",47H/39D5
Gus Polidor,7,1985,1993,0,229,456,434,33,90,15,0,2,35,3,0,12,47,.207,.233,.256,.489,-1.52,"Oct 26, 1961","Sep 7, 1985","Caracas, Distrito Federal",654H/D9
Yohel Pozo,1,2021,2021,0,21,77,74,8,21,4,0,1,9,0,0,3,10,.284,.312,.378,.690,-0.09,"Jun 14, 1997","Aug 13, 2021","Maracaibo, Zulia",/D2H
Martín Prado,14,2006,2019,1,1458,5861,5373,664,1542,316,27,100,609,40,28,385,676,.287,.335,.412,.747,27.66,"Oct 27, 1983","Apr 23, 2006","Maracay, Aragua",*547H3/69D
Alex Prieto,2,2003,2004,0,24,47,43,5,9,1,0,1,4,0,1,3,13,.209,.255,.302,.558,-0.48,"Jun 19, 1976","Jul 26, 2003","Caracas, Distrito Federal",/4H56D
Carlos Pulido,3,1994,2004,0,0,0,0,0,0,0,0,0,0,0,0,0,0,,,,,-0.15,"Aug 5, 1971","Apr 9, 1994","Caracas, Distrito Federal",1
Juniel Querecuto,2,2016,2023,0,13,32,31,3,3,1,1,0,2,0,0,1,12,.097,.125,.194,.319,-0.27,"Sep 19, 1992","Sep 22, 2016","Barquisimeto, Lara",/543H6
Rubén Quevedo,4,2000,2003,0,64,109,98,5,15,0,0,0,5,0,0,2,44,.153,.170,.153,.323,-3.45,"Jan 5, 1979","Apr 14, 2000","Valencia, Carabobo",1
José Quijada,5,2019,2023,0,39,1,1,0,0,0,0,0,0,0,0,0,1,.000,.000,.000,.000,0.01,"Nov 9, 1995","Apr 24, 2019","Caripito, Monagas",1
Carlos Quintana,5,1988,1993,0,438,1557,1376,163,380,59,1,19,165,3,2,153,207,.276,.350,.362,.711,2.69,"Aug 26, 1965","Sep 16, 1988","Mamporal, Miranda",*39H/D78
Humberto Quintero,12,2003,2014,0,471,1423,1346,95,315,61,2,20,127,1,3,47,294,.234,.267,.327,.594,1.80,"Aug 2, 1979","Sep 3, 2003","Maracaibo, Zulia",*2/H3
Guillermo Quiroz,10,2004,2014,0,148,380,346,24,69,18,0,3,34,1,0,22,85,.199,.256,.277,.533,-1.87,"Nov 29, 1981","Sep 4, 2004","Maracaibo, Zulia",2/HD
Alex Ramírez,3,1998,2000,0,135,350,332,38,86,17,3,12,48,3,1,15,78,.259,.293,.437,.730,-1.09,"Oct 3, 1974","Sep 19, 1998","Caracas, Distrito Federal",9H/7D83
Max Ramírez,2,2008,2010,0,45,140,115,16,25,4,0,4,17,0,0,18,37,.217,.343,.357,.699,0.29,"Oct 11, 1984","Jun 22, 2008","Barquisimeto, Lara",2/H3D
Ramón Ramírez,2,2008,2009,0,16,11,10,1,1,0,0,0,0,0,0,0,3,.100,.100,.100,.200,1.03,"Sep 16, 1982","Aug 30, 2008","Cagua, Aragua",/1
Chucho Ramos,1,1944,1944,0,4,10,10,1,5,1,0,0,0,0,1,0,0,.500,.500,.600,1.100,0.12,"Apr 12, 1918","May 7, 1944","Maturin, Monagas",/9H7
Edgar Ramos,1,1997,1997,0,4,4,3,0,0,0,0,0,0,0,0,0,2,.000,.000,.000,.000,-0.15,"Mar 6, 1975","May 21, 1997","Cumana, Sucre",/1
Edubray Ramos,4,2016,2019,0,162,2,1,0,0,0,0,0,0,0,0,1,1,.000,.500,.000,.500,1.98,"Dec 19, 1992","Jun 24, 2016","Caracas, Distrito Federal",1
Wilson Ramos,12,2010,2021,2,990,3786,3492,362,946,151,2,136,534,1,3,245,638,.271,.318,.432,.750,15.23,"Aug 10, 1987","May 2, 2010","Valencia, Carabobo",*2H/D
Luis Rengifo,6,2019,2024,0,494,1833,1666,202,420,66,12,51,175,32,17,132,341,.252,.312,.398,.710,5.96,"Feb 26, 1997","Apr 25, 2019","Naguanagua, Carabobo",*456H9/78
René Reyes,2,2003,2004,0,81,189,177,18,39,9,1,2,8,2,1,10,36,.220,.261,.316,.577,-0.63,"Feb 21, 1978","Jul 22, 2003","Margarita, Nueva Esparta",/H987
Víctor Reyes,5,2018,2022,0,394,1280,1214,147,321,57,17,16,107,33,9,49,287,.264,.294,.379,.673,0.88,"Oct 5, 1994","Apr 1, 2018","Barcelona, Anzoategui",987HD
Juan Rincón,10,2001,2010,0,48,4,4,0,1,0,0,0,0,0,0,0,1,.250,.250,.250,.500,4.72,"Jan 23, 1979","Jun 7, 2001","Maracaibo, Zulia",*1
Leo Rivas,1,2024,2024,0,5,6,6,2,2,0,1,0,0,0,0,0,3,.333,.333,.667,1.000,0.14,"Oct 10, 1997","Apr 28, 2024","Maracay, Aragua",/H64D
Luis Rivas,8,2000,2008,0,648,2290,2101,286,541,92,29,34,201,81,25,126,316,.257,.303,.377,.681,-1.49,"Aug 30, 1979","Sep 16, 2000","La Guaira, La Guaira",*4H6/D5
Juan Rivera,12,2001,2012,0,1058,3787,3471,425,950,182,4,132,539,17,26,253,448,.274,.323,.443,.766,9.22,"Jul 3, 1978","Sep 4, 2001","Guarenas, Miranda",*79H3D8/4
Carlos Rivero,1,2014,2014,0,4,8,7,1,4,2,0,1,3,0,0,1,0,.571,.625,1.286,1.911,0.10,"May 20, 1988","Aug 29, 2014","Barquisimeto, Lara",/5HD
Sebastián Rivero,2,2021,2022,0,34,73,66,3,11,2,0,0,4,0,0,5,25,.167,.236,.197,.433,-0.43,"Nov 16, 1998","May 8, 2021","Maracay, Aragua",2/H
Mauricio Robles,1,2013,2013,0,3,0,0,0,0,0,0,0,0,0,0,0,0,,,,,-0.01,"Mar 5, 1989","Sep 3, 2013","Valencia, Carabobo",/1
Brayan Rocchio,2,2023,2024,0,75,273,240,35,52,15,0,0,17,7,3,27,63,.217,.298,.279,.577,0.91,"Jan 13, 2001","May 16, 2023","Caracas, Distrito Federal",6/5H
Eduardo Rodríguez,8,2015,2023,0,13,29,26,1,0,0,0,0,0,0,0,0,13,.000,.000,.000,.000,17.70,"Apr 7, 1993","May 28, 2015","Valencia, Carabobo",1
Francisco Rodríguez,16,2002,2017,6,437,2,2,0,1,0,0,0,0,0,0,0,1,.500,.500,.500,1.000,24.20,"Jan 7, 1982","Sep 18, 2002","Caracas, Distrito Federal",*1
Guilder Rodríguez,1,2014,2014,0,7,14,12,2,2,0,0,0,1,0,0,1,5,.167,.231,.167,.397,-0.12,"Jul 24, 1983","Sep 9, 2014","Barquisimeto, Lara",/5H4D6
Guillermo Rodríguez,2,2007,2009,0,46,105,92,11,22,6,0,1,15,0,1,12,18,.239,.324,.337,.661,-0.09,"May 15, 1978","Jun 13, 2007","Barquisimeto, Lara",2/HD
Henry Rodríguez,2,2012,2013,0,21,26,23,0,4,1,0,0,2,0,0,3,6,.174,.269,.217,.487,-0.15,"Feb 9, 1990","Sep 2, 2012","Maracay, Aragua",/H4
Henry Rodríguez,6,2009,2014,0,113,2,2,0,0,0,0,0,0,0,0,0,2,.000,.000,.000,.000,-0.71,"Feb 25, 1987","Sep 21, 2009","Santa Barbara, Zulia",1
José Rodríguez,3,2019,2023,0,0,0,0,0,0,0,0,0,0,0,0,0,0,,,,,0.63,"Aug 29, 1995","Jul 27, 2019","Ciudad Bolivar, Bolivar",/1
Liu Rodríguez,1,1999,1999,0,39,111,93,8,22,2,2,1,12,0,0,12,11,.237,.343,.333,.676,-0.63,"Nov 5, 1976","Jun 9, 1999","Caracas, Distrito Federal",/46HD5
Luis Rodríguez,6,2005,2011,0,407,1123,972,100,231,46,4,10,80,6,5,110,110,.238,.314,.324,.638,0.64,"Jun 27, 1980","May 21, 2005","San Carlos, Cojedes",645H/D3
Nivaldo Rodriguez,2,2020,2021,0,0,0,0,0,0,0,0,0,0,0,0,0,0,,,,,-0.09,"Apr 16, 1997","Jul 28, 2020","Naguanagua, Carabobo",/1
Ricardo Rodríguez,2,2017,2018,0,0,0,0,0,0,0,0,0,0,0,0,0,0,,,,,0.03,"Aug 31, 1992","Aug 14, 2017","Maracay, Aragua",/1
Roberto Rodríguez,2,1967,1970,0,57,22,21,2,1,0,0,1,1,0,0,1,4,.048,.091,.190,.281,-1.07,"Feb 5, 1941","May 13, 1967","Caracas, Distrito Federal",1
Wilfredo Rodríguez,1,2001,2001,0,2,0,0,0,0,0,0,0,0,0,0,0,0,,,,,-0.14,"Mar 20, 1979","Sep 21, 2001","Ciudad Bolivar, Bolivar",/1
Wilking Rodríguez,1,2014,2014,0,1,0,0,0,0,0,0,0,0,0,0,0,0,,,,,0.08,"Mar 2, 1990","Jun 3, 2014","Puerto Cabello, Carabobo",/1
Yorman Rodríguez,1,2014,2014,0,11,29,27,3,6,0,0,0,2,0,1,1,12,.222,.276,.222,.498,-0.19,"Aug 15, 1992","Sep 4, 2014","Ocumare de la Costa, Aragua",/9H87
Miguel Rojas,11,2014,2024,0,1115,3603,3294,370,849,163,11,46,310,56,21,228,443,.258,.311,.356,.667,14.98,"Feb 24, 1989","Jun 6, 2014","Los Teques, Miranda",*6H354/1D7
Alex Romero,2,2008,2009,0,144,299,280,27,67,14,4,2,30,6,0,14,43,.239,.279,.339,.619,-0.61,"Sep 9, 1983","Apr 2, 2008","Maracaibo, Zulia",H97/8
Niuman Romero,2,2009,2010,0,12,19,18,3,2,0,0,0,0,0,0,1,5,.111,.158,.111,.269,-0.17,"Jan 24, 1985","Sep 8, 2009","Barcelona, Anzoategui",/H6D345
Bruce Rondón,5,2013,2018,0,11,0,0,0,0,0,0,0,0,0,0,0,0,,,,,-1.50,"Dec 9, 1990","Apr 25, 2013","Valencia, Carabobo",1
Héctor Rondón,8,2013,2020,0,298,3,3,0,1,0,0,0,0,0,0,0,1,.333,.333,.333,.667,4.91,"Feb 26, 1988","Apr 3, 2013","Guatire, Miranda",*1
Jorge Rondon,3,2014,2016,0,5,0,0,0,0,0,0,0,0,0,0,0,0,,,,,-0.96,"Feb 16, 1988","Jun 29, 2014","Calabozo, Guarico",/1
José Rondón,4,2016,2021,0,169,380,348,39,75,12,0,12,33,4,1,27,89,.216,.274,.353,.628,-0.85,"Mar 3, 1994","Jul 29, 2016","Villa de Cura, Aragua",H6/54D9731
José Ruiz,8,2017,2024,0,10,1,1,0,0,0,0,0,0,0,0,0,0,.000,.000,.000,.000,1.18,"Oct 21, 1994","Jul 24, 2017","Guacara, Carabobo",1
Keibert Ruiz,5,2020,2024,0,321,1257,1162,113,291,53,0,32,132,8,3,71,143,.250,.303,.379,.681,2.80,"Jul 20, 1998","Aug 16, 2020","Valencia, Carabobo",2/HD
Angel Salazar,5,1983,1988,0,383,932,886,69,188,33,6,2,59,6,6,19,150,.212,.230,.270,.500,-0.74,"Nov 4, 1961","Aug 10, 1983","Anaco, Anzoategui",*6/H45
Eduardo Salazar,2,2023,2024,0,0,0,0,0,0,0,0,0,0,0,0,0,0,,,,,-0.13,"May 5, 1998","May 24, 2023","Cumana, Sucre",/1
Luis Salazar,13,1980,1992,0,1302,4375,4101,438,1070,144,33,94,455,117,51,179,653,.261,.293,.381,.673,8.99,"May 19, 1956","Aug 15, 1980","Barcelona, Anzoategui",*5H7689/3D41
Oscar Salazar,4,2002,2010,0,199,419,372,50,100,16,2,14,62,1,3,43,58,.269,.342,.435,.778,0.33,"Jun 27, 1978","Apr 10, 2002","Maracay, Aragua",H7/3459D6
Carlos Sanabria,1,2020,2020,0,0,0,0,0,0,0,0,0,0,0,0,0,0,,,,,-0.04,"Jan 24, 1997","Aug 5, 2020","La Victoria, Aragua",/1
Adrián Sánchez,4,2017,2021,0,106,204,195,22,51,11,1,0,16,0,2,6,47,.262,.287,.328,.615,0.32,"Aug 16, 1990","Jun 30, 2017","Maracaibo, Zulia",H4/56379
Ali Sánchez,2,2020,2021,0,7,14,13,0,3,2,0,0,0,0,0,1,3,.231,.286,.385,.670,-0.07,"Jan 20, 1997","Aug 10, 2020","Carora, Lara",/2
Aníbal Sánchez,16,2006,2022,0,189,400,346,8,29,1,1,0,8,0,0,17,169,.084,.127,.092,.219,27.96,"Feb 27, 1984","Jun 25, 2006","Maracay, Aragua",*1/H
Eduardo Sánchez,3,2011,2013,0,44,2,2,0,0,0,0,0,0,0,0,0,1,.000,.000,.000,.000,0.60,"Feb 16, 1989","Apr 13, 2011","Maracay, Aragua",1
Héctor Sánchez,7,2011,2017,0,347,834,783,60,186,38,0,21,120,0,1,34,207,.238,.273,.367,.639,0.02,"Nov 17, 1989","Jul 15, 2011","Maracay, Aragua",2H/3D
Luis Sánchez,5,1981,1985,0,0,0,0,0,0,0,0,0,0,0,0,0,0,,,,,3.88,"Aug 24, 1953","Apr 10, 1981","Cariaco, Sucre",1
Ricardo Sanchez,1,2020,2020,0,0,0,0,0,0,0,0,0,0,0,0,0,0,,,,,-0.11,"Apr 11, 1997","Aug 17, 2020","Puerto Cabello, Carabobo",/1
Rómulo Sánchez,3,2007,2010,0,26,1,1,0,0,0,0,0,0,0,0,0,1,.000,.000,.000,.000,0.32,"Apr 28, 1984","Aug 26, 2007","Carora, Lara",/1
Yolmer Sanchez,8,2014,2022,0,674,2503,2276,253,552,113,24,32,217,30,25,165,532,.243,.299,.355,.654,6.32,"Jun 29, 1992","Jul 13, 2014","Maracay, Aragua",*45H/6D19
Danny Sandoval,2,2005,2006,0,31,45,40,2,8,1,0,0,4,0,0,4,4,.200,.267,.225,.492,-0.25,"Apr 7, 1979","Jul 17, 2005","Barquisimeto, Lara",/H46
Pablo Sandoval,14,2008,2021,2,1380,5052,4609,548,1279,262,21,153,639,12,13,357,757,.278,.330,.443,.773,19.06,"Aug 11, 1986","Aug 14, 2008","Puerto Cabello, Carabobo",*5H3D/241
Johan Santana,12,2000,2012,4,117,279,248,11,40,12,1,1,9,0,0,9,78,.161,.191,.230,.421,51.68,"Mar 13, 1979","Apr 3, 2000","Tovar, Merida",*1
Anthony Santander,8,2017,2024,0,647,2684,2444,324,602,142,5,123,368,8,7,186,558,.246,.306,.459,.766,9.21,"Oct 19, 1994","Aug 18, 2017","Margarita, Nueva Esparta",*9D7/8H3
Luis Sardiñas,5,2014,2018,0,182,500,459,50,103,12,2,5,32,10,3,29,110,.224,.274,.292,.566,-1.30,"May 16, 1993","Apr 20, 2014","Upata, Bolivar",64H/5D317
Manny Sarmiento,7,1976,1983,0,220,104,87,2,9,0,0,0,4,0,0,4,27,.103,.152,.103,.256,3.57,"Feb 2, 1956","Jul 30, 1976","Cagua, Aragua",1/H
Marco Scutaro,13,2002,2014,1,1391,5486,4887,683,1355,269,21,77,509,55,22,474,570,.277,.341,.388,.729,22.08,"Oct 30, 1975","Jul 21, 2002","San Felipe, Yaracuy",*6*45H/7D93
Antonio Senzatela,7,2017,2023,0,106,165,135,5,9,2,0,0,12,0,0,1,76,.067,.074,.081,.155,6.19,"Jan 21, 1995","Apr 6, 2017","Valencia, Carabobo",1
Alex Serrano,1,2008,2008,0,0,0,0,0,0,0,0,0,0,0,0,0,0,,,,,0.05,"Feb 18, 1981","Apr 16, 2008","Barcelona, Anzoategui",/1
Carlos Silva,9,2002,2010,0,154,71,58,0,5,2,0,0,3,0,0,4,22,.086,.145,.121,.266,8.54,"Apr 23, 1979","Apr 1, 2002","Bolivar, Bolivar",*1
Miguel Socolovich,5,2012,2018,0,64,2,2,0,0,0,0,0,0,0,0,0,0,.000,.000,.000,.000,0.06,"Jul 24, 1986","Jul 14, 2012","Caracas, Distrito Federal",1
Luis Sojo,13,1990,2003,0,848,2773,2571,300,671,103,12,36,261,28,20,124,198,.261,.297,.352,.650,4.16,"Jan 3, 1965","Jul 14, 1990","Caracas, Distrito Federal",*465H3/D7
Yangervis Solarte,6,2014,2019,0,670,2645,2407,282,620,124,6,75,307,6,5,189,326,.258,.315,.408,.723,6.86,"Jul 3, 1987","Apr 2, 2014","Valencia, Carabobo",*54H63/7D
Lenyn Sosa,3,2022,2024,0,80,265,250,18,48,9,0,8,19,0,1,9,68,.192,.222,.324,.546,-1.46,"Jan 25, 2000","Jun 23, 2022","Puerto Ordaz, Bolivar",4/5H6D
Livan Soto,2,2022,2023,0,22,71,64,11,24,5,1,1,9,1,1,5,15,.375,.414,.531,.946,0.88,"Jun 22, 2000","Sep 17, 2022","Valencia, Carabobo",/645H
Les Straker,2,1987,1988,0,0,0,0,0,0,0,0,0,0,0,0,0,0,,,,,3.03,"Oct 10, 1959","Apr 11, 1987","Ciudad Bolivar, Bolivar",1
Albert Suárez,3,2016,2024,0,38,26,23,1,4,2,0,0,2,0,0,0,11,.174,.174,.261,.435,1.82,"Oct 8, 1989","May 8, 2016","San Felix, Bolivar",1
Eugenio Suárez,11,2014,2024,1,1374,5570,4875,673,1197,216,14,250,757,32,18,553,1512,.246,.330,.449,.779,20.24,"Jul 18, 1991","Jun 4, 2014","Puerto Ordaz, Bolivar",*56H/D
José Suarez,6,2019,2024,0,2,3,3,0,0,0,0,0,0,0,0,0,2,.000,.000,.000,.000,0.17,"Jan 3, 1998","Jun 2, 2019","Naguanagua, Carabobo",1
Ranger Suárez,7,2018,2024,0,73,34,26,2,5,2,1,0,1,0,0,1,9,.192,.250,.346,.596,13.48,"Aug 26, 1995","Jul 26, 2018","Pie de Cuesta, Lara",1
Robert Suarez,3,2022,2024,0,0,0,0,0,0,0,0,0,0,0,0,0,0,,,,,3.28,"Mar 1, 1991","Apr 7, 2022","Bolivar, Bolivar",1
Jesús Sucre,7,2013,2019,0,243,721,659,50,146,23,0,10,69,3,0,30,121,.222,.260,.302,.562,-0.53,"Apr 30, 1988","May 24, 2013","Cumana, Sucre",2/1H3D
José Tábata,6,2010,2015,0,509,1765,1592,208,438,81,15,17,126,47,30,129,254,.275,.336,.377,.713,1.88,"Aug 12, 1988","Jun 9, 2010","El Tigre, Anzoategui",79H/8D
Tomás Telis,5,2014,2018,0,122,267,252,25,58,8,3,1,24,0,0,7,34,.230,.267,.298,.565,-0.53,"Jun 18, 1991","Aug 25, 2014","El Tigre, Anzoategui",H23/D
Jesús Tinoco,5,2019,2024,0,23,6,5,1,1,0,0,0,0,0,0,0,4,.200,.200,.200,.400,0.45,"Apr 30, 1995","May 31, 2019",San Antonio de Maturin,1
Carlos Tocci,1,2018,2018,0,66,135,120,11,27,3,2,0,5,0,3,7,39,.225,.271,.283,.555,-1.56,"Aug 23, 1995","Mar 31, 2018","Maracay, Aragua",8/H97D1
Pablo Torrealba,5,1975,1979,0,43,5,5,0,1,0,0,0,0,0,0,0,1,.200,.200,.200,.400,3.29,"Apr 28, 1948","Apr 9, 1975","Barquisimeto, Lara",1
Steve Torrealba,2,2001,2002,0,15,23,19,1,2,0,0,0,1,0,0,3,4,.105,.227,.105,.333,-0.30,"Feb 24, 1978","Oct 6, 2001","Barquisimeto, Lara",/2H
Yorvit Torrealba,13,2001,2013,0,907,3183,2875,306,737,162,12,56,339,19,17,222,544,.256,.315,.379,.694,5.42,"Jul 19, 1978","Sep 5, 2001","Caracas, Distrito Federal",*2H/D37
Luis Torrens,7,2017,2024,0,273,818,742,70,169,31,3,21,83,0,0,63,212,.228,.290,.363,.652,-0.02,"May 2, 1996","Apr 3, 2017","Valencia, Carabobo",2DH/34517
Alex Torres,4,2011,2015,0,106,2,2,0,0,0,0,0,0,0,0,0,1,.000,.000,.000,.000,1.99,"Dec 8, 1987","Jul 18, 2011","Valencia, Carabobo",1
Dilson Torres,1,1995,1995,0,0,0,0,0,0,0,0,0,0,0,0,0,0,,,,,-0.18,"May 31, 1970","Apr 29, 1995","Maracay, Aragua",/1
Eider Torres,1,2008,2008,0,8,9,9,2,2,0,0,0,0,0,0,0,2,.222,.222,.222,.444,-0.17,"Jan 16, 1983","Apr 26, 2008","Maracaibo, Zulia",/6DH4
Gleyber Torres,7,2018,2024,2,797,3266,2923,407,772,138,4,128,397,53,22,292,672,.264,.332,.445,.778,14.67,"Dec 13, 1996","Apr 22, 2018","Caracas, Distrito Federal",*46/DH
José Torres,2,2016,2017,0,61,1,1,1,1,0,0,0,0,0,0,0,0,1.000,1.000,1.000,2.000,0.64,"Sep 24, 1993","Sep 22, 2016","Caracas, Distrito Federal",1
Ronald Torreyes,7,2015,2021,0,351,983,917,99,243,41,7,11,98,7,2,43,124,.265,.299,.361,.660,1.47,"Sep 2, 1992","Sep 13, 2015","Libertador, Distrito Federal",564H/D9817
César Tovar,12,1965,1976,0,1488,6177,5569,834,1546,253,55,46,435,226,108,413,410,.278,.335,.368,.703,28.27,"Jul 3, 1940","Apr 12, 1965","Caracas, Distrito Federal",*8*7549HD6/321
Ezequiel Tovar,3,2022,2024,0,222,919,867,113,228,57,5,24,99,15,7,37,254,.263,.296,.423,.720,4.45,"Aug 1, 2001","Sep 23, 2022","Maracay, Aragua",6
Wilfredo Tovar,4,2013,2021,0,46,122,112,6,21,5,0,0,8,1,0,7,22,.188,.242,.232,.474,-0.31,"Aug 11, 1991","Sep 22, 2013","Santa Teresa, Miranda",6/H4
Manny Trillo,17,1973,1989,4,1780,6573,5950,598,1562,239,33,61,571,56,57,452,742,.263,.316,.345,.660,11.27,"Dec 25, 1950","Jun 28, 1973","Caripito, Monagas",*45H3/6
Luis Ugueto,2,2002,2003,0,74,31,28,23,6,0,0,1,2,10,4,3,8,.214,.290,.321,.612,0.06,"Feb 15, 1979","Apr 3, 2002","Caracas, Distrito Federal",H/D465
Ugueth Urbina,11,1995,2005,2,382,60,53,3,5,0,0,0,1,0,0,3,32,.094,.143,.094,.237,13.18,"Feb 15, 1974","May 9, 1995","Caracas, Distrito Federal",*1
Lino Urdaneta,2,2004,2007,0,2,0,0,0,0,0,0,0,0,0,0,0,0,,,,,-0.03,"Nov 20, 1979","Sep 9, 2004","Caracas, Distrito Federal",/1
Luis Valbuena,11,2008,2018,0,1011,3571,3148,377,710,169,9,114,367,11,16,374,788,.226,.310,.394,.703,8.51,"Nov 30, 1985","Sep 2, 2008","Caja Seca, Zulia",*543H6/D7
Carlos Valderrama,1,2003,2003,0,7,7,7,0,1,0,0,0,0,1,0,0,3,.143,.143,.143,.286,-0.01,"Nov 30, 1977","Jun 21, 2003","Bachaquero, Zulia",/78HD
Breyvic Valera,4,2017,2021,0,93,235,208,25,49,8,2,2,29,2,0,20,32,.236,.302,.322,.624,-0.34,"Jan 8, 1992","Sep 5, 2017","Montalban, Carabobo",4H/56D9
Ildemaro Vargas,8,2017,2024,0,365,1021,948,108,237,50,6,16,105,12,5,58,114,.250,.295,.366,.661,2.71,"Jul 16, 1991","Jun 29, 2017","Caripito, Monagas",54H6/7319D
Felipe Vazquez,5,2015,2019,2,298,4,4,0,0,0,0,0,0,0,0,0,2,.000,.000,.000,.000,8.24,"Jul 5, 1991","Apr 17, 2015","San Felipe, Yaracuy",*1
Jorge Velandia,8,1997,2008,0,174,278,244,21,46,12,1,2,23,2,0,26,66,.189,.274,.270,.544,-0.03,"Jan 12, 1975","Jun 20, 1997","Caracas, Distrito Federal",46H/5D
Engelb Vielma,1,2018,2018,0,6,8,7,1,1,0,0,0,0,0,0,1,4,.143,.250,.143,.393,-0.02,"Jun 22, 1994","Apr 13, 2018","Maracaibo, Zulia",/46
Eduardo Villacis,1,2004,2004,0,0,0,0,0,0,0,0,0,0,0,0,0,0,,,,,-0.19,"Aug 29, 1979","May 1, 2004","Caracas, Distrito Federal",/1
Brayan Villarreal,3,2011,2013,0,5,0,0,0,0,0,0,0,0,0,0,0,0,,,,,0.14,"May 10, 1987","Apr 2, 2011","La Guaira, La Guaira",1
Omar Vizquel,24,1989,2012,3,2968,12013,10586,1445,2877,456,77,80,951,404,167,1028,1087,.272,.336,.352,.688,45.58,"Apr 24, 1967","Apr 3, 1989","Caracas, Distrito Federal",*65H4/D379
Miguel Yajure,3,2020,2022,0,3,3,3,0,0,0,0,0,0,0,0,0,3,.000,.000,.000,.000,-1.25,"May 1, 1998","Aug 31, 2020","Cabimas, Zulia",/1
Juan Yepez,2,2022,2023,0,104,339,313,32,75,14,0,14,32,0,1,20,81,.240,.286,.419,.705,-0.39,"Feb 19, 1998","May 4, 2022","Caracas, Distrito Federal",7D/9H35
Carlos Zambrano,12,2001,2012,3,365,744,693,75,165,26,3,24,71,1,0,10,240,.238,.248,.388,.636,43.87,"Jun 1, 1981","Aug 20, 2001","Puerto Cabello, Carabobo",*1H
Eddie Zambrano,2,1993,1994,0,75,151,133,18,35,7,0,6,20,2,1,17,32,.263,.351,.451,.802,0.69,"Feb 1, 1966","Sep 19, 1993","Maracaibo, Zulia",H/9375
Víctor Zambrano,7,2001,2007,0,49,82,73,3,9,1,1,0,3,0,0,0,28,.123,.135,.164,.300,5.07,"Aug 6, 1975","Jun 21, 2001","Los Teques, Miranda",1
Mauro Zárate,1,2007,2007,0,4,0,0,0,0,0,0,0,0,0,0,0,0,,,,,-0.15,"Feb 8, 1983","Aug 7, 2007","Valencia, Carabobo",/1
Angel Zerpa,4,2021,2024,0,0,0,0,0,0,0,0,0,0,0,0,0,0,,,,,1.40,"Sep 27, 1999","Sep 30, 2021","Valle de la Pascua, Guarico",1
